SMILES,Labels
CNC(=O)c1ccccc1Nc1nc(Nc2ccc(C(=O)N3CCN(C(=S)SCCN(C)C)CC3)cc2)ncc1C(F)(F)F,1
CC(C)S(=O)(=O)c1ccccc1Nc1nc(Nc2ccc(CN3CCSCC3)cc2)ncc1Cl,1
CC(C)S(=O)(=O)c1ccccc1Nc1nc(Nc2ccc(NC(=O)CN3CCC(C(=O)NCCCCCC(=O)NO)CC3)cc2)ncc1Cl,1
CCOP(=O)(CC(=O)Nc1ccc(Nc2ncc(Cl)c(Nc3ccccc3S(=O)(=O)C(C)C)n2)cc1)OCC,1
CC(C)S(=O)(=O)c1ccccc1Nc1nc(Nc2ccc(CN3CCC(C(=O)NCCCCCC(=O)NO)CC3)cc2)ncc1Cl,1
CC(C)S(=O)(=O)c1ccccc1Nc1nc(Nc2ccc(N3CCC(C(=O)NCCCCCC(=O)NO)CC3)cc2)ncc1Cl,1
CC(C)S(=O)(=O)c1ccccc1Nc1nc(Nc2ccc(NC(=O)CN3CCC(C(=O)O)CC3)cc2)ncc1Cl,1
CC(C)S(=O)(=O)c1ccccc1Nc1nc(Nc2ccc(CN3CCC(C(=O)NCCO)CC3)cc2)ncc1Cl,1
CCC(C)C(CO)NC(=O)C1CCN(Cc2ccc(Nc3ncc(Cl)c(Nc4ccccc4S(=O)(=O)C(C)C)n3)cc2)CC1,1
CNC(=O)c1ccc(Nc2ncc(C(F)(F)F)c(NCc3nccnc3N(C)S(C)(=O)=O)n2)cc1,1
CNC(=O)c1ccc(Nc2ncc(C(F)(F)F)c(NCc3nccnc3N(C)S(C)(=O)=O)n2)cc1,1
CC(C)S(=O)(=O)c1ccccc1Nc1nc(Nc2ccc(CN3CCC(CO)CC3)cc2)ncc1Cl,1
CC(C)S(=O)(=O)c1ccccc1Nc1nc(Nc2ccc(OCC(=O)N3CCOCC3)cc2)ncc1Cl,1
CC(C)S(=O)(=O)c1ccccc1Nc1nc(Nc2ccc(CN3CCC(C(=O)O)CC3)cc2)ncc1Cl,1
CN1CCc2cc(Nc3ncc(C(F)(F)F)c(CCc4ccccc4CC(N)=O)n3)ccc2C1,1
COC(=O)CCCCCNC(=O)C1CCN(CC(=O)Nc2ccc(Nc3ncc(Cl)c(Nc4ccccc4S(=O)(=O)C(C)C)n3)cc2)CC1,1
CCOP(=O)(Cc1ccc(Nc2ncc(Cl)c(Nc3ccccc3S(=O)(=O)C(C)C)n2)cc1)OCC,1
CN(c1cccc(CNc2nc(Nc3ccc(C(N)=O)cc3)ncc2C(F)(F)F)c1)S(C)(=O)=O,1
CC(=O)N1CCC(c2ccc(Nc3ncc(C(F)(F)F)c(CCc4ccccc4CC(N)=O)n3)cc2)CC1,1
CONC(=O)c1ccccc1Nc1cc(Nc2cc(C)nn2C(C)C)ncc1Cl,1
CONC(=O)c1ccccc1Nc1cc(Nc2cc(C)nn2C(C)C)ncc1Cl,1
CN(c1ccccc1CNc1nc(Nc2ccc3c(c2)CNC3=O)ncc1C(F)(F)F)S(C)(=O)=O,1
CNC(=O)c1ccc(Nc2ncc(C(F)(F)F)c(NCc3nccnc3N(C)S(C)(=O)=O)n2)cc1,1
COCC1CN(C2CCN(c3cc(OC)c(Nc4ncc(Br)c(Nc5ccc6c(c5P(C)(C)=O)OCCO6)n4)cc3C)CC2)C1,1
C=CCN(c1ncccc1CNc1nc(Nc2ccc(N3CCOCC3)c(Br)c2)ncc1C(F)(F)F)S(C)(=O)=O,1
C=CCN(c1ncccc1CNc1nc(Nc2cccc(Br)c2)ncc1C(F)(F)F)S(C)(=O)=O,1
COC(=O)CCCCCNC(=O)C1CCN(c2ccc(Nc3ncc(Cl)c(Nc4ccccc4S(=O)(=O)C(C)C)n3)cc2)CC1,1
CCOC(=O)C1CCN(Cc2ccc(Nc3ncc(Cl)c(Nc4ccccc4S(=O)(=O)C(C)C)n3)cc2)CC1,1
COc1cc(C(N)=O)ccc1Nc1ncc(C(F)(F)F)c(NCc2cccc(S(C)(=O)=O)c2)n1,1
COc1cc(C(N)=O)ccc1Nc1ncc(C(F)(F)F)c(NCc2ccc(C)nc2N(C)S(C)(=O)=O)n1,1
CN(c1ncccc1CNc1nc(Nc2ccccc2)ncc1C(F)(F)F)S(C)(=O)=O,1
Cc1cc(N(C)S(C)(=O)=O)c(CNc2nc(Nc3ccccc3)ncc2C(F)(F)F)cn1,1
CCNC(=O)c1ccc(Nc2ncc(C(F)(F)F)c(NCc3ncccc3N(C)S(C)(=O)=O)n2)cc1,1
CNC(=O)c1ccc(Nc2ncc(C(F)(F)F)c(NCc3cccc(N(C)S(C)(=O)=O)c3)n2)cc1,1
CNC(=O)c1ccc(Nc2ncc(C(F)(F)F)c(NCc3ccccc3N(C)S(C)(=O)=O)n2)cc1,1
CNC(=O)c1ccc(Nc2ncc(C(F)(F)F)c(NCc3cnc(C)cc3N(C)S(C)(=O)=O)n2)cc1,1
CN(c1ncccc1CNc1nc(Nc2ccc(CN)cc2)ncc1C(F)(F)F)S(C)(=O)=O,1
CCOC(=O)Cc1ccc(Nc2ncc(C(F)(F)F)c(NCc3cccnc3N(C)S(C)(=O)=O)n2)cc1,1
Cc1cccc(N(C)S(C)(=O)=O)c1CNc1nc(Nc2ccc(C(N)=O)cc2)ncc1C(F)(F)F,1
CNC(=O)c1ccc(Nc2ncc(C(F)(F)F)c(NCc3cccnc3N(C)S(C)(=O)=O)n2)cc1,1
COc1cc(C(N)=O)ccc1Nc1ncc(C(F)(F)F)c(NCc2cccnc2N(C)S(C)(=O)=O)n1,1
CNC(=O)c1ccc(Nc2ncc(C(F)(F)F)c(NCc3ccc(C)nc3N(C)S(C)(=O)=O)n2)cc1,1
COC(=O)c1ccc(Nc2ncc(C(F)(F)F)c(NCc3cccnc3N(C)S(C)(=O)=O)n2)cc1,1
Cc1ccc(CNc2nc(Nc3ccccc3)ncc2C(F)(F)F)c(N(C)S(C)(=O)=O)n1,1
CS(=O)(=O)Nc1ccccc1CNc1nc(Nc2ccccc2)ncc1C(F)(F)F,1
C[C@H](N)c1ccc(Nc2ncc(C(F)(F)F)c(NCc3ncccc3N(C)S(C)(=O)=O)n2)cc1,1
CN(c1cccnc1CNc1nc(Nc2ccc(C(N)=O)c(Cl)c2)ncc1C(F)(F)F)S(C)(=O)=O,1
CN(c1ncccc1CNc1nc(Nc2ccc(-c3nnn[nH]3)cc2)ncc1C(F)(F)F)S(C)(=O)=O,1
Cc1cc(Nc2ncc(C(F)(F)F)c(NCc3ncccc3N(C)S(C)(=O)=O)n2)ccc1C(N)=O,1
CNC(=O)c1ccc(Nc2ncc(C(F)(F)F)c(NCc3cccnc3N(C)S(C)(=O)=O)n2)cc1C,1
C[C@@H](N)c1ccc(Nc2ncc(C(F)(F)F)c(NCc3cccc(N(C)S(C)(=O)=O)c3)n2)cc1,1
C[C@H](N)c1ccc(Nc2ncc(C(F)(F)F)c(NCc3nccnc3N(C)S(C)(=O)=O)n2)cc1,1
CN(c1ncccc1CNc1nc(Nc2ccc(C(N)=O)c(F)c2)ncc1C(F)(F)F)S(C)(=O)=O,1
Cc1cc(Nc2ncc(C(F)(F)F)c(NCc3ncccc3N(C)S(C)(=O)=O)n2)ccc1C(N)=O,1
Cc1cc(Nc2ncc(C(F)(F)F)c(NCc3cccc(N(C)S(C)(=O)=O)c3)n2)ccc1C(N)=O,1
CN(c1ncccc1CNc1nc(Nc2ccc(C(O)CO)cc2)ncc1C(F)(F)F)S(C)(=O)=O,1
CNC(=O)c1ccc(Nc2ncc(C(F)(F)F)c(NCc3nccnc3N(C)S(C)(=O)=O)n2)c(F)c1,1
CN(c1ncccc1CNc1nc(Nc2ccc(CN3CCOCC3)cc2)ncc1C(F)(F)F)S(C)(=O)=O,1
CN(c1ncccc1CNc1nc(Nc2ccc(N3CCOCC3)cn2)ncc1C(F)(F)F)S(C)(=O)=O,1
CN(c1ncccc1CNc1nc(Nc2ccc(CNCC(C)(C)O)cc2)ncc1C(F)(F)F)S(C)(=O)=O,1
Cc1cc(Nc2ncc(C(F)(F)F)c(NCc3cccnc3N(C)S(C)(=O)=O)n2)ccc1C(N)=O,1
Cc1cc(C(N)=O)ccc1Nc1ncc(C(F)(F)F)c(NCc2cccnc2N(C)S(C)(=O)=O)n1,1
C[C@@H](N)c1ccc(Nc2ncc(C(F)(F)F)c(NCc3cccnc3N(C)S(C)(=O)=O)n2)cc1,1
CN(c1ncccc1CNc1nc(Nc2ccc(CO)cc2)ncc1C(F)(F)F)S(C)(=O)=O,1
CC(O)c1cccc(Nc2ncc(C(F)(F)F)c(NCc3cccnc3N(C)S(C)(=O)=O)n2)n1,1
Cc1ccc(CNc2nc(Nc3cccc(C(N)=O)c3)ncc2C(F)(F)F)c(N(C)S(C)(=O)=O)n1,1
CN(c1ncccc1CNc1nc(Nc2ccc(C(N)=O)cc2F)ncc1C(F)(F)F)S(C)(=O)=O,1
Cc1cc(Nc2ncc(C(F)(F)F)c(NCc3nccnc3N(C)S(C)(=O)=O)n2)ccc1C(N)=O,1
CN(c1ncccc1CNc1nc(Nc2ccc(/C(N)=N/O)cc2)ncc1C(F)(F)F)S(C)(=O)=O,1
COCCNCc1ccc(Nc2ncc(C(F)(F)F)c(NCc3cccnc3N(C)S(C)(=O)=O)n2)cc1,1
CN(c1ncccc1CNc1nc(Nc2ccc(CNCCO)cc2)ncc1C(F)(F)F)S(C)(=O)=O,1
CNCc1ccc(Nc2ncc(C(F)(F)F)c(NCc3cccnc3N(C)S(C)(=O)=O)n2)cc1,1
CNCc1ccc(Nc2ncc(C(F)(F)F)c(NCc3ccccc3N(C)S(C)(=O)=O)n2)cc1,1
Cc1cc(Nc2ncc(C(F)(F)F)c(NCc3nccnc3N(C)S(C)(=O)=O)n2)ccc1C(N)=O,1
CN(c1ncccc1CNc1nc(Nc2ccc(N3CCOCC3)cc2)ncc1C(F)(F)F)S(C)(=O)=O,1
CN(c1nccnc1CNc1nc(Nc2ccc(C(N)=O)c(Cl)c2)ncc1C(F)(F)F)S(C)(=O)=O,1
C[C@H](N)c1ccc(Nc2ncc(C(F)(F)F)c(NCc3ccccc3N(C)S(C)(=O)=O)n2)cc1,1
CN(c1ncccc1CNc1nc(Nc2ccc(C(N)=O)c(O)c2)ncc1C(F)(F)F)S(C)(=O)=O,1
CC(C)NCc1ccc(Nc2ncc(C(F)(F)F)c(NCc3cccnc3N(C)S(C)(=O)=O)n2)cc1,1
C[C@@H](N)c1ccc(Nc2ncc(C(F)(F)F)c(NCc3ncccc3N(C)S(C)(=O)=O)n2)cc1,1
CN(c1ncccc1CNc1nc(Nc2ccc(C(N)=O)c(Cl)c2)ncc1C(F)(F)F)S(C)(=O)=O,1
C[C@H](N)c1ccc(Nc2ncc(C(F)(F)F)c(NCc3ccccc3N(C)S(C)(=O)=O)n2)cc1,1
CN(c1ncccc1CNc1nc(Nc2ccc(CNC(CO)CO)cc2)ncc1C(F)(F)F)S(C)(=O)=O,1
CNC(=O)c1ccc(Nc2ncc(C(F)(F)F)c(NCc3nccnc3N(C)S(C)(=O)=O)n2)cc1,1
CC(=O)Nc1cccc(Nc2ncc(C(F)(F)F)c(NCc3cccnc3N(C)S(C)(=O)=O)n2)c1,1
Cc1cc(Nc2ncc(C(F)(F)F)c(NCc3cccnc3N(C)S(C)(=O)=O)n2)ccc1C(N)=O,1
Cc1ccc(N(C)S(C)(=O)=O)c(CNc2nc(Nc3ccccc3)ncc2C(F)(F)F)c1,1
CN(c1cccnc1CNc1nc(Nc2ccc(C(N)=O)cc2)ncc1C(F)(F)F)S(C)(=O)=O,1
CN(c1ncccc1CNc1nc(Nc2ccc(C(=O)O)cc2)ncc1C(F)(F)F)S(C)(=O)=O,1
CN(c1ncccc1CNc1nc(Nc2ccc(C(=O)OC(C)(C)C)cc2)ncc1C(F)(F)F)S(C)(=O)=O,1
CN(c1ncccc1CNc1nc(Nc2cccc(CNC(N)=O)c2)ncc1C(F)(F)F)S(C)(=O)=O,1
CC(=O)NCC(=O)NCc1cccc(Nc2ncc(C(F)(F)F)c(NCc3cccnc3N(C)S(C)(=O)=O)n2)c1,1
CN(C)C(=O)c1ccc(Nc2ncc(C(F)(F)F)c(NCc3ccccc3N(C)S(C)(=O)=O)n2)cc1,1
Cc1ccc(CNc2nc(Nc3ccc(C(=O)N(C)C)cc3)ncc2C(F)(F)F)c(N(C)S(C)(=O)=O)n1,1
CN(c1ncccc1CNc1nc(Nc2ccc(C(=O)N3CC[C@H](F)C3)cc2)ncc1C(F)(F)F)S(C)(=O)=O,1
COCCNC(=O)c1ccc(Nc2ncc(C(F)(F)F)c(NCc3cccnc3N(C)S(C)(=O)=O)n2)cc1,1
C=CC(=O)NCCNc1c(NCc2ccc(Nc3ncc(Cl)c(Nc4ccccc4C(=O)NC)n3)cc2)c(=O)c1=O,1
CC(=O)NCC(=O)NCc1ccc(Nc2ncc(C(F)(F)F)c(NCc3cccnc3N(C)S(C)(=O)=O)n2)cc1,1
CN(c1ncccc1CNc1nc(Nc2ccc(CNC(N)=O)cc2)ncc1C(F)(F)F)S(C)(=O)=O,1
CN(c1ncccc1CNc1nc(Nc2ccc(C(=O)NCC3(O)CCC3)cc2)ncc1C(F)(F)F)S(C)(=O)=O,1
CN(c1nccnc1CNc1nc(Nc2ccc(C(N)=O)cc2)ncc1C(F)(F)F)S(C)(=O)=O,1
CCNC(=O)c1ccc(Nc2ncc(C(F)(F)F)c(NCc3cccc(S(C)(=O)=O)c3)n2)cc1,1
Cc1ccnc(N(C)S(C)(=O)=O)c1CNc1nc(Nc2ccccc2)ncc1C(F)(F)F,1
CNC(=O)c1ccc(Nc2ncc(C(F)(F)F)c(NCc3nccnc3N(C)S(C)(=O)=O)n2)cc1,1
Cc1cccc(NS(C)(=O)=O)c1CNc1nc(Nc2ccccc2)ncc1C(F)(F)F,1
CN(c1ncccc1CNc1nc(Nc2ccc(CC(=O)NC3CC3)cc2)ncc1C(F)(F)F)S(C)(=O)=O,1
CN(c1ncccc1CNc1nc(Nc2ccc(C(=O)N3CCC3)cc2)ncc1C(F)(F)F)S(C)(=O)=O,1
Cc1cccc(CNc2nc(Nc3ccc(C(N)=O)cc3)ncc2C(F)(F)F)c1N(C)S(C)(=O)=O,1
Cc1cccc(CNc2nc(Nc3ccccc3)ncc2C(F)(F)F)c1N(C)S(C)(=O)=O,1
CN(c1ncccc1CNc1nc(Nc2ccc(C(=O)N3CCC(O)CC3)cc2)ncc1C(F)(F)F)S(C)(=O)=O,1
COc1cc(Nc2ncc(C(F)(F)F)c(NCc3cccnc3N(C)S(C)(=O)=O)n2)ccn1,1
CC1CCN(C(=O)c2ccc(Nc3ncc(C(F)(F)F)c(NCc4cccnc4N(C)S(C)(=O)=O)n3)cc2)CC1,1
COc1ccc(Nc2ncc(C(F)(F)F)c(NCc3cccnc3N(C)S(C)(=O)=O)n2)cc1,1
COc1cccc(Nc2ncc(C(F)(F)F)c(NCc3cccnc3N(C)S(C)(=O)=O)n2)c1,1
CNC(=O)c1ccc(Nc2ncc(C(F)(F)F)c(NCc3nccnc3N(C)S(C)(=O)=O)n2)cc1F,1
CN(c1nccnc1CNc1nc(Nc2ccccc2)ncc1C(F)(F)F)S(C)(=O)=O,1
CN(c1ncccc1CNc1nc(Nc2ccc(C(N)=O)cc2)ncc1C(F)(F)F)S(C)(=O)=O,1
CN(c1ncccc1CNc1nc(Nc2ccc(C(=O)N3CCC(F)(F)C3)cc2)ncc1C(F)(F)F)S(C)(=O)=O,1
Cc1ccc(N(C)S(C)(=O)=O)cc1CNc1nc(Nc2ccccc2)ncc1C(F)(F)F,1
Cc1ccc(CNc2nc(Nc3ccccc3)ncc2C(F)(F)F)c(N(C)S(C)(=O)=O)c1,1
CCNC(=O)c1ccc(Nc2ncc(C(F)(F)F)c(NCc3ccc(C)nc3N(C)S(C)(=O)=O)n2)cc1,1
Cc1ccc(N(C)S(C)(=O)=O)c(CNc2nc(Nc3ccc(C(N)=O)cc3)ncc2C(F)(F)F)c1,1
Cc1cnc(N(C)S(C)(=O)=O)c(CNc2nc(Nc3ccc(C(N)=O)cc3)ncc2C(F)(F)F)c1,1
COc1ccc(Nc2ncc(C(F)(F)F)c(NCc3cccnc3N(C)S(C)(=O)=O)n2)cc1OC,1
CN(c1ncccc1CNc1nc(Nc2cccc(CO)c2)ncc1C(F)(F)F)S(C)(=O)=O,1
CC(=O)NCc1cccc(Nc2ncc(C(F)(F)F)c(NCc3cccnc3N(C)S(C)(=O)=O)n2)c1,1
C=CC(=O)NCCNc1c(NCc2ccc(Nc3ncc(Cl)c(Nc4ccccc4C(=O)NC)n3)cc2)c(=O)c1=O,1
CN(c1ncccc1CNc1nc(Nc2ccc(C#N)cc2)ncc1C(F)(F)F)S(C)(=O)=O,1
Cc1cccc(NS(C)(=O)=O)c1CNc1nc(Nc2ccc(C(N)=O)cc2)ncc1C(F)(F)F,1
CC(=O)N1CCN(c2ccc(Nc3ncc(C(F)(F)F)c(CCc4ccccc4CC(N)=O)n3)cc2)CC1,1
Cc1cccc(N(C)S(C)(=O)=O)c1CNc1nc(Nc2ccccc2)ncc1C(F)(F)F,1
Cc1ccc(CNc2nc(Nc3ccc(C(N)=O)cc3)ncc2C(F)(F)F)c(N(C)S(C)(=O)=O)c1,1
Cc1ccc(CNc2nc(Nc3ccc(C(N)=O)cc3)ncc2C(F)(F)F)c(NS(C)(=O)=O)c1,1
CC(C)C(CO)NC(=O)c1ccc(Nc2ncc(C(F)(F)F)c(NCc3cccnc3N(C)S(C)(=O)=O)n2)cc1,1
Cc1ccc(C#N)cc1Nc1ncc(C(F)(F)F)c(NCc2cccnc2N(C)S(C)(=O)=O)n1,1
CNC(=O)c1ccc(Nc2ncc(C(F)(F)F)c(NCc3nccnc3N(C)S(C)(=O)=O)n2)cc1,1
CS(=O)(=O)Nc1ccccc1CNc1nc(Nc2ccc(C(N)=O)cc2)ncc1C(F)(F)F,1
Cc1cnc(N(C)S(C)(=O)=O)c(CNc2nc(Nc3ccccc3)ncc2C(F)(F)F)c1,1
Cc1ccnc(N(C)S(C)(=O)=O)c1CNc1nc(Nc2ccc(C(N)=O)cc2)ncc1C(F)(F)F,1
C[C@H](N)c1ccc(Nc2ncc(C(F)(F)F)c(NCc3nccnc3N(C)S(C)(=O)=O)n2)cc1,1
CC(O)c1ccc(Nc2ncc(C(F)(F)F)c(NCc3cccc(N(C)S(C)(=O)=O)c3)n2)cc1,1
CN(c1ncccc1CNc1nc(Nc2ccc(C(=O)N3CCCC(O)C3)cc2)ncc1C(F)(F)F)S(C)(=O)=O,1
CNC(=O)c1ccc(Nc2ncc(C(F)(F)F)c(NCc3nccnc3N(C)S(C)(=O)=O)n2)cc1,1
C[C@H](N)c1ccc(Nc2ncc(C(F)(F)F)c(NCc3cccnc3N(C)S(C)(=O)=O)n2)cc1,1
COc1ccc(C(N)=O)cc1Nc1ncc(C(F)(F)F)c(NCc2ccc(C)nc2N(C)S(C)(=O)=O)n1,1
CNC(=O)c1ccc(Nc2ncc(C(F)(F)F)c(NCc3nccnc3N(C)S(C)(=O)=O)n2)cc1C,1
CN(c1ncccc1CNc1nc(Nc2ccc(C(=O)NC3CCC3)cc2)ncc1C(F)(F)F)S(C)(=O)=O,1
CN1CCC(NC(=O)c2ccc(Nc3ncc(C(F)(F)F)c(NCc4cccnc4N(C)S(C)(=O)=O)n3)cc2)CC1,1
COc1ccc(C(N)=O)cc1Nc1ncc(C(F)(F)F)c(NCc2ncccc2N(C)S(C)(=O)=O)n1,1
CN(c1ncccc1CNc1nc(Nc2cccc(CN)c2)ncc1C(F)(F)F)S(C)(=O)=O,1
CN(c1ncccc1CNc1nc(Nc2ccc(CNS(C)(=O)=O)cc2)ncc1C(F)(F)F)S(C)(=O)=O,1
CN(c1ncccc1CNc1nc(Nc2cccc(C(=O)N3CC(O)C3)c2)ncc1C(F)(F)F)S(C)(=O)=O,1
CN(c1ncccc1CNc1nc(Nc2cccc(CNS(=O)(=O)C(F)(F)F)c2)ncc1C(F)(F)F)S(C)(=O)=O,1
CN(c1ncccc1CNc1nc(Nc2ccc(C#N)c(O)c2)ncc1C(F)(F)F)S(C)(=O)=O,1
CC(O)c1ccc(Nc2ncc(C(F)(F)F)c(NCc3nccnc3N(C)S(C)(=O)=O)n2)cc1,1
CN(c1ncccc1CNc1nc(Nc2cccc(C(=O)N(CCO)CCO)c2)ncc1C(F)(F)F)S(C)(=O)=O,1
CC(=O)C1CCN(c2ccc(Nc3ncc(C(F)(F)F)c(CCc4ccccc4CC(N)=O)n3)cc2)CC1,1
COc1ccc(C(N)=O)cc1Nc1ncc(C(F)(F)F)c(NCc2cccnc2N(C)S(C)(=O)=O)n1,1
Cc1cc(Nc2ncc(C(F)(F)F)c(NCc3cc(N(C)S(C)(=O)=O)ccn3)n2)ccc1C(N)=O,1
NC(=O)Cc1ccccc1CCc1nc(Nc2ccc(N3CCC(N)CC3)cc2)ncc1C(F)(F)F,1
CN(c1ncccc1CNc1nc(Nc2ccc(C(=O)NC3CCCOC3)cc2)ncc1C(F)(F)F)S(C)(=O)=O,1
CN(c1ncccc1CNc1nc(Nc2ccc(C(=O)NCCCO)cc2)ncc1C(F)(F)F)S(C)(=O)=O,1
CN(c1ncccc1CNc1nc(Nc2cccc(C(=O)NCC3(C)COC3)c2)ncc1C(F)(F)F)S(C)(=O)=O,1
Cc1cc(N(C)S(C)(=O)=O)c(CNc2nc(Nc3ccc(C(N)=O)cc3)ncc2C(F)(F)F)cn1,1
CN(c1nccnc1CNc1nc(Nc2ccc(C(N)=O)c(O)c2)ncc1C(F)(F)F)S(C)(=O)=O,1
CN(c1cccnc1CNc1nc(Nc2ccc(C(N)=O)c(F)c2)ncc1C(F)(F)F)S(C)(=O)=O,1
CN(CCO)C(=O)c1cccc(Nc2ncc(C(F)(F)F)c(NCc3cccnc3N(C)S(C)(=O)=O)n2)c1,1
Cc1cc(C(N)=O)ccc1Nc1ncc(C(F)(F)F)c(NCc2cccc(N(C)S(C)(=O)=O)c2)n1,1
Cc1cc(C(N)=O)ccc1Nc1ncc(C(F)(F)F)c(NCc2nccnc2N(C)S(C)(=O)=O)n1,1
CC(O)c1ccc(Nc2ncc(C(F)(F)F)c(NCc3ncccc3N(C)S(C)(=O)=O)n2)cc1,1
CN(c1ncccc1CNc1nc(Nc2cccc(C3=NCCO3)c2)ncc1C(F)(F)F)S(C)(=O)=O,1
CN(c1ccccc1CNc1nc(Nc2ccc(S(C)(=O)=O)cc2)ncc1C(F)(F)F)S(C)(=O)=O,1
CN(c1ncccc1CNc1nc(Nc2cccc(C(=O)NC3CCOCC3)c2)ncc1C(F)(F)F)S(C)(=O)=O,1
CN(c1ncccc1CNc1nc(Nc2ccc(CC(=O)O)cc2)ncc1C(F)(F)F)S(C)(=O)=O,1
CN(c1nccnc1CNc1nc(Nc2ccc(C(O)CO)cc2)ncc1C(F)(F)F)[SH](=O)=O,1
CN1CCC(NC(=O)c2cccc(Nc3ncc(C(F)(F)F)c(NCc4cccnc4N(C)S(C)(=O)=O)n3)c2)CC1,1
Cc1ccc(N(C)S(C)(=O)=O)cc1CNc1nc(Nc2ccc(C(N)=O)cc2)ncc1C(F)(F)F,1
CNC(=O)c1ccc(Nc2ncc(C(F)(F)F)c(NCc3ncccc3N(C)S(C)(=O)=O)n2)cc1,1
C[C@H](N)c1ccc(Nc2ncc(C(F)(F)F)c(NCc3cccc(N(C)S(C)(=O)=O)c3)n2)cc1,1
CC(C)S(=O)(=O)c1ccccc1Nc1nc(Nc2ccc(N3CCC(C(=O)O)CC3)cc2)ncc1Cl,1
CN(C)C(=O)c1ccc(Nc2ncc(C(F)(F)F)c(NCc3ccccc3NS(C)(=O)=O)n2)cc1,1
Cc1cc(C(N)=O)ccc1Nc1ncc(C(F)(F)F)c(NCc2nccnc2N(C)S(C)(=O)=O)n1,1
CN(c1ncccc1CNc1nc(Nc2ccc(C(=O)NCCCCCO)cc2)ncc1C(F)(F)F)S(C)(=O)=O,1
Cc1cc(C(N)=O)ccc1Nc1ncc(C(F)(F)F)c(NCc2ncccc2N(C)S(C)(=O)=O)n1,1
COc1cc(C[C@@H](O)CO)ccc1Nc1ncc(C(F)(F)F)c(Oc2cccc3c2C(=O)N(C)C3)n1,1
COc1cc(C(=O)NC2CCN(C)C[C@H]2OC)ccc1Nc1ncc(C(F)(F)F)c(Oc2cccc3c2C(=O)N(C)C3)n1,1
COc1cc(C(=O)N[C@H]2CCN(C)C[C@@H]2OC)c(C)cc1Nc1ncc(C(F)(F)F)c(Oc2cccc3c2C(=O)N(C)C3)n1,1
COc1cc(C(=O)NC2CCN(C)CC2)c(F)cc1Nc1ncc(C(F)(F)F)c(Oc2cccc3c2C(=O)N(C)C3)n1,1
COc1cc(C(=O)N[C@H]2CCN(C)C[C@H]2F)c(F)cc1Nc1ncc(Cl)c(Oc2cccc3c2C(=O)N(OC)C3)n1,1
COc1cc(C(=O)NC2CCN(C)CC2)c(F)cc1Nc1ncc(C(F)(F)F)c(Oc2cccc3c2C(=O)N(OC)C3)n1,1
COc1cc(C(=O)N[C@H]2CCN(C)C[C@H]2F)ccc1Nc1ncc(C(F)(F)F)c(Oc2cccc3c2C(=O)N(C)C3C)n1,1
CNC(=O)c1ccccc1Nc1nc(Nc2ccc3c(c2OC)CCC[C@@H](N2CCN(CCO)CC2)C3)ncc1Cl,1
COc1cc(C(=O)NC2CCCN(C)C2)c(C)cc1Nc1ncc(C(F)(F)F)c(Oc2cccc3c2C(=O)N(C)C3)n1,1
COc1cc(C(=O)NC2CCN(C)CC2)c(F)cc1Nc1ncc(Cl)c(Oc2cccc3c2C(=O)N(C)[C@H]3C)n1,1
COc1cc(C(=O)NC2CCN(C)CC2)c(F)cc1Nc1ncc(Cl)c(Oc2cccc3c2C(=O)N(C)[C@@H]3C)n1,1
COc1cc(C(=O)N[C@@H]2CCN(C)C[C@@H]2OC)c(F)cc1Nc1ncc(Cl)c(Oc2cccc3c2C(=O)N(C)[C@@H]3C)n1,1
COc1cc(C(=O)N[C@@H]2CCN(C)C[C@@H]2OC)c(C)cc1Nc1ncc(Cl)c(Oc2cccc3c2C(=O)N(C)C3)n1,1
COc1cc(C(=O)N[C@H]2CCN(C)C[C@H]2F)c(C)cc1Nc1ncc(Cl)c(Oc2cccc3c2C(=O)N(C)C3(C)C)n1,1
COc1cc(C(=O)NC2CCN(C)C[C@H]2OC)c(C)cc1Nc1ncc(Cl)c(Oc2cccc3c2C(=O)N(C)C3(C)C)n1,1
COc1cc(C(=O)NC[C@H](O)CO)c(F)cc1Nc1ncc(C(F)(F)F)c(Oc2cccc3c2C(=O)N(C)C3)n1,1
COc1cc(C(=O)N[C@H]2CCN(C)C[C@H]2F)c(Cl)cc1Nc1ncc(Cl)c(Oc2cccc3c2C(=O)N(C)C3)n1,1
CN(c1ncccc1CNc1nc(Nc2ccc3c(c2)CC(=O)N3)ncc1C(F)(F)F)S(C)(=O)=O,1
COc1cc(C(=O)N[C@@H]2CCCN(C)C2)ccc1Nc1ncc(C(F)(F)F)c(Oc2cccc3c2C(=O)N(OC)C3)n1,1
COc1cc(C(=O)N[C@H]2CCN(C)C[C@H]2F)c(Cl)cc1Nc1ncc(Cl)c(Oc2cccc3c2C(=O)C(C)C3C)n1,1
COc1cc(C(=O)N[C@@H]2CCN(C)C[C@@H]2F)ccc1Nc1ncc(C(F)(F)F)c(Oc2cccc3c2C(=O)N(C)C3)n1,1
COc1cc(C(=O)NC2CCN(C)CC2)ccc1Nc1ncc(C(F)(F)F)c(Oc2cccc3c2C(=O)N(C)C3C)n1,1
COc1cc(C(=O)N[C@@H]2CCCN(C)C2)c(F)cc1Nc1ncc(C(F)(F)F)c(Oc2cccc3c2C(=O)N(OC)C3)n1,1
CCN1CC[C@H](NC(=O)c2cc(OC)c(Nc3ncc(Cl)c(Oc4cccc5c4C(=O)N(C)[C@H]5C)n3)cc2F)[C@H](F)C1,1
COc1cc(C#CCN(C)C)ccc1Nc1ncc(C(F)(F)F)c(Oc2cccc3c2C(=O)N(C)C3)n1,1
COc1cc(O[C@@H]2CO[C@H]3[C@@H]2OC[C@H]3O)ccc1Nc1ncc(C(F)(F)F)c(Oc2cccc3c2C(=O)N(C)C3C)n1,1
COc1cc(C(=O)N[C@@H]2CCN(C)C[C@@H]2OC)c(F)cc1Nc1ncc(C(F)(F)F)c(Oc2cccc3c2C(=O)N(C)C3)n1,1
COc1cc(C(=O)N[C@H]2CCN(C)C[C@H]2F)c(Cl)cc1Nc1ncc(C(F)(F)F)c(Oc2cccc3c2C(=O)N(C)C3(C)C)n1,1
COc1cc(N2CCN(C)CC2)ccc1Nc1ncc(Cl)c(Oc2cccc3c2C(=O)N(C)C3C)n1,1
Cc1cc(C(=O)NC2CCCN(C)C2)ccc1Nc1ncc(C(F)(F)F)c(Oc2cccc3c2C(=O)N(C)C3)n1,1
Cc1cc(C(=O)NC2CCN(C)CC2)ccc1Nc1ncc(C(F)(F)F)c(Oc2cccc3c2C(=O)N(C)C3)n1,1
COc1cc(C(=O)N[C@@H]2CCN(C)C[C@@H]2OC)c(Cl)cc1Nc1ncc(Cl)c(Oc2cccc3c2C(=O)N(C)C3)n1,1
Cc1cc(C(=O)NC2CCN(CCO)CC2)ccc1Nc1ncc(C(F)(F)F)c(Oc2cccc3c2C(=O)N(C)C3)n1,1
COc1cc(C(=O)NC2CCN(C)CC2)c(C)cc1Nc1ncc(Cl)c(Oc2cccc3c2C(=O)N(C)C3)n1,1
COc1cc(C(=O)N[C@H]2CCN(C)C[C@H]2F)c(F)cc1Nc1ncc(Cl)c(Oc2cccc3c2C(=O)N(C)[C@H]3C)n1,1
COCCNC(=O)c1ccc(Nc2ncc(C(F)(F)F)c(Oc3cccc4c3C(=O)N(C)C4)n2)c(OC)c1,1
COc1cc(N2CCN(CC(=O)N(C)C)CC2)ccc1Nc1ncc(C(F)(F)F)c(Oc2cccc3c2C(=O)N(C)C3)n1,1
COc1cc(C(=O)N[C@@H]2CCN(C)C[C@H]2OC)c(C)cc1Nc1ncc(C(F)(F)F)c(Oc2cccc3c2C(=O)N(C)C3)n1,1
COc1cc(CN2CCCC2)ccc1Nc1ncc(C(F)(F)F)c(Oc2cccc3c2C(=O)N(C)C3)n1,1
CNC(=O)c1ccc(Nc2ncc(C(F)(F)F)c(NCc3nccnc3N(C)S(C)(=O)=O)n2)cc1,1
COc1cc(C(=O)NCCN(C)C)c(C)cc1Nc1ncc(C(F)(F)F)c(Oc2cccc3c2C(=O)N(C)C3)n1,1
COc1cc(C(=O)NCCN(C)C)c(F)cc1Nc1ncc(C(F)(F)F)c(Oc2cccc3c2C(=O)N(C)C3)n1,1
CNC(=O)c1cc(OC)c(Nc2ncc(C(F)(F)F)c(Oc3cccc4c3C(=O)N(C)C4)n2)cc1C,1
COc1cc(C(=O)NC2CCN(C)CC2)c(Cl)cc1Nc1ncc(Cl)c(Oc2cccc3c2C(=O)N(C)[C@@H]3C)n1,1
COc1cc(C(=O)N[C@@H]2CCN(C)C[C@@H]2OC)c(Cl)cc1Nc1ncc(Cl)c(Oc2cccc3c2C(=O)N(C)[C@@H]3C)n1,1
CONC(=O)c1ccc(Nc2ncc(C(F)(F)F)c(Oc3cccc4c3C(=O)N(C)C4)n2)c(OC)c1,1
COc1cc(C[C@H](O)CO)ccc1Nc1ncc(C(F)(F)F)c(Oc2cccc3c2C(=O)N(C)C3)n1,1
CC(C)NC(=O)c1ccc(Nc2ncc(C(F)(F)F)c(NCc3cccnc3N(C)S(C)(=O)=O)n2)cc1,1
CC(=O)c1ccc(Nc2ncc(C(F)(F)F)c(NCc3cccnc3N(C)S(C)(=O)=O)n2)cc1,1
CN(c1ncccc1CNc1nc(Nc2ccc(CNS(=O)(=O)C(F)(F)F)cc2)ncc1C(F)(F)F)S(C)(=O)=O,1
COc1cc(C(=O)N[C@H]2CCN(C)C[C@H]2F)c(F)cc1Nc1ncc(C(F)(F)F)c(Oc2cccc3c2C(=O)N(C)C3)n1,1
COc1cc(C(=O)NC2CCN(C)CC2)c(Cl)cc1Nc1ncc(C(F)(F)F)c(Oc2cccc3c2C(=O)N(C)C3)n1,1
COc1cc(C(=O)N[C@H]2CCN(C)C[C@H]2F)ccc1Nc1ncc(C(F)(F)F)c(Oc2cccc3c2C(=O)N(C)C3)n1,1
COc1cc(C(=O)NC2CCN(C)CC2)ccc1Nc1ncc(Cl)c(Oc2cccc3c2C(=O)N(C)C3)n1,1
CN(c1ccccc1CNc1nc(Nc2ccc3c(c2)CC(=O)N3)ncc1C(F)(F)F)S(C)(=O)=O,1
COc1cc(C(=O)NC2CCN(C3CCOCC3)CC2)c(Cl)cc1Nc1ncc(Cl)c(Oc2cccc3c2C(=O)N(C)C3)n1,1
COc1cc(C(=O)N[C@H]2CCCN(C)C2)c(C)cc1Nc1ncc(C(F)(F)F)c(Oc2cccc3c2C(=O)N(C)C3)n1,1
COc1cc(C(=O)NC2CCN(C)CC2)c(C)cc1Nc1ncc(C(F)(F)F)c(Oc2cccc3c2C(=O)N(C)C3)n1,1
COc1cc(C(=O)NC2CCN(CCO)CC2)ccc1Nc1ncc(C(F)(F)F)c(Oc2cccc3c2C(=O)N(C)C3)n1,1
COCCN1CCC(NC(=O)c2ccc(Nc3ncc(C(F)(F)F)c(Oc4cccc5c4C(=O)N(C)C5)n3)c(C)c2)CC1,1
COc1cc(N2CCN(C(C)C)CC2)ccc1Nc1ncc(C(F)(F)F)c(Oc2cccc3c2C(=O)N(C)C3)n1,1
COc1cc2nccc(Oc3ccc(NC(=O)Nc4cc(C)on4)c(Cl)c3)c2cc1OC,1
COc1cc(C(=O)NC2CCN(C)CC2)c(Cl)cc1Nc1ncc(C#N)c(Oc2cccc3c2C(=O)CC3)n1,1
COc1cc(C(=O)NC2CCN(C)CC2)c(F)cc1Nc1ncc(C(F)(F)F)c(Oc2cccc3c2C(=O)N(C)C3(C)C)n1,1
COc1cc(C(=O)N[C@@H]2CCN(C)C[C@@H]2OC)c(Cl)cc1Nc1ncc(C(F)(F)F)c(Oc2cccc3c2C(=O)N(C)C3(C)C)n1,1
COc1cc(C(=O)N[C@H]2CCN(C)C[C@H]2F)c(Cl)cc1Nc1ncc(Cl)c(Oc2cccc3c2C(=O)N(C)[C@H]3C)n1,1
COc1cc(C(=O)NC2CCN(C)CC2)c(F)cc1Nc1ncc(C(F)(F)F)c(Oc2cccc3c2C(=O)N(C)C3)n1,1
COc1cc(CN(C)C)ccc1Nc1ncc(C(F)(F)F)c(Oc2cccc3c2C(=O)N(C)C3)n1,1
CN(c1ccccc1CNc1nc(Nc2ccc3c(c2)CS(=O)(=O)N3)ncc1C(F)(F)F)S(C)(=O)=O,1
COc1cc(C(=O)N[C@H]2CCCN(C)C2)c(Cl)cc1Nc1ncc(C(F)(F)F)c(Oc2cccc3c2C(=O)N(C)C3)n1,1
COc1cc(C(=O)NC2CCN(C)CC2)c(Cl)cc1Nc1ncc(Cl)c(Oc2cccc3c2C(=O)N(C)[C@H]3C)n1,1
COc1cc(C(=O)NC2CCN(C)CC2)c(Cl)cc1Nc1ncc(C(F)(F)F)c(Oc2cccc3c2C(=O)N(C)C3C)n1,1
COc1cc(N2CCN(C)CC2)ccc1Nc1ncc(C#N)c(Oc2cccc3c2C(=O)CC3)n1,1
COc1cc(C(=O)NC2CCN(C)CC2)ccc1Nc1ncc(C(F)(F)F)c(Oc2cccc3c2C(=O)N(C)C3)n1,1
COc1cc(N2CCN(C)CC2)ccc1Nc1ncc(C(F)(F)F)c(Oc2cccc3c2C(=O)N(C)C3)n1,1
COc1cc(C(=O)N[C@@H]2CCCN(C)C2)c(C)cc1Nc1ncc(C(F)(F)F)c(Oc2cccc3c2C(=O)N(C)C3)n1,1
COc1cc(C(=O)N[C@H]2CCN(C)C[C@H]2OC)c(Cl)cc1Nc1ncc(Cl)c(Oc2cccc3c2C(=O)N(C)[C@H]3C)n1,1
COc1cc(C(=O)N[C@@H]2CCN(C)C[C@@H]2OC)c(F)cc1Nc1ncc(Cl)c(Oc2cccc3c2C(=O)N(OC)C3)n1,1
COc1cc(C(=O)N[C@H]2CCN(C)C[C@@H]2OC)c(F)cc1Nc1ncc(C(F)(F)F)c(Oc2cccc3c2C(=O)N(C)C3)n1,1
COc1cc(C(=O)N[C@H]2CCN(C)C[C@@H]2OC)ccc1Nc1ncc(C(F)(F)F)c(Oc2cccc3c2C(=O)N(C)C3)n1,1
COc1cc(C(=O)N[C@H]2CCN(C)C[C@H]2F)c(F)cc1Nc1ncc(Cl)c(Oc2cccc3c2C(=O)N(C)[C@@H]3C)n1,1
COc1cc(C(=O)N[C@@H]2CCN(C)C[C@@H]2OC)c(C)cc1Nc1ncc(Cl)c(Oc2cccc3c2C(=O)N(C)C3(C)C)n1,1
COCCN1CCC(NC(=O)c2ccc(Nc3ncc(C(F)(F)F)c(Oc4cccc5c4C(=O)N(C)C5)n3)c(OC)c2)CC1,1
Cc1ccc(CNc2nc(Nc3ccc(C(N)=O)cc3)ncc2C(F)(F)F)c(N(C)S(C)(=O)=O)n1,1
COc1cc(C(=O)NC2CCN(C)CC2)c(Cl)cc1Nc1ncc(Cl)c(Oc2cccc3c2C(=O)N(C)C3)n1,1
CNC(=O)c1ccccc1Nc1nc(Nc2ccc(CNc3c(NCCNC(=O)/C(C#N)=C/C4CC4)c(=O)c3=O)cc2)ncc1Cl,1
COc1cc(C(=O)N[C@H]2CCN(C)C[C@H]2F)c(Cl)cc1Nc1ncc(Cl)c(Oc2cccc3c2C(=O)N(C)[C@@H]3C)n1,1
COc1cc(C(=O)N[C@@H]2CCN(C)C[C@@H]2OC)c(F)cc1Nc1ncc(Cl)c(Oc2cccc3c2C(=O)N(C)[C@H]3C)n1,1
COc1cc(C(=O)N[C@@H]2CCN(C)C[C@@H]2OC)c(F)cc1Nc1ncc(Cl)c(Oc2cccc3c2C(=O)N(C)C3)n1,1
COc1cc(C(=O)N[C@H]2CCN(C)C[C@H]2F)c(C)cc1Nc1ncc(Cl)c(Oc2cccc3c2C(=O)N(C)C3)n1,1
COc1cc(C(=O)NC2CCN(C3CCOCC3)CC2)c(C)cc1Nc1ncc(Cl)c(Oc2cccc3c2C(=O)N(C)C3)n1,1
COc1cc(C(=O)NC2CCN(C)CC2)c(F)cc1Nc1ncc(Cl)c(Oc2cccc3c2C(=O)N(OC)C3)n1,1
CN(c1ncccc1CNc1nc(Nc2ccc(S(=O)(=O)Nc3ccccn3)cc2)ncc1C(F)(F)F)S(C)(=O)=O,1
CS(=O)(=O)c1cccc(CNc2nc(Nc3ccccc3)ncc2C(F)(F)F)c1,1
Cc1cc(C(N)=O)ccc1Nc1ncc(C(F)(F)F)c(NCc2cccnc2N(C)S(C)(=O)=O)n1,1
CC(CO)NC(=O)c1cccc(Nc2ncc(C(F)(F)F)c(NCc3cccnc3N(C)S(C)(=O)=O)n2)c1,1
CNC(=O)c1ccc(Nc2ncc(C(F)(F)F)c(NCc3cccnc3N(C)S(C)(=O)=O)n2)c(C)c1,1
CC(C)[C@@H](CO)NC(=O)c1cccc(Nc2ncc(C(F)(F)F)c(NCc3cccnc3N(C)S(C)(=O)=O)n2)c1,1
CCCN(CCO)C(=O)c1cccc(Nc2ncc(C(F)(F)F)c(NCc3cccnc3N(C)S(C)(=O)=O)n2)c1,1
CN1CCN(c2ccc(Nc3ncc(C(F)(F)F)c(CCc4ccccc4CC(N)=O)n3)cc2)CC1,1
CN(c1ncccc1CNc1nc(Nc2ccc(C(=O)NCCO)cc2)ncc1C(F)(F)F)S(C)(=O)=O,1
COc1ccc(C(N)=O)cc1Nc1ncc(C(F)(F)F)c(NCc2nccnc2N(C)S(C)(=O)=O)n1,1
C[C@H]1COCCN1C(=O)c1ccc(Nc2ncc(C(F)(F)F)c(NCc3cccnc3N(C)S(C)(=O)=O)n2)cc1,1
CCC(CO)NC(=O)c1cccc(Nc2ncc(C(F)(F)F)c(NCc3cccnc3N(C)S(C)(=O)=O)n2)c1,1
CN(c1ncccc1CNc1nc(Nc2ccc(C(=O)NCc3ccccc3)cc2)ncc1C(F)(F)F)S(C)(=O)=O,1
CN(c1ncccc1CNc1nc(Nc2cccc(C(=O)NC3CCCOC3)c2)ncc1C(F)(F)F)S(C)(=O)=O,1
CN(c1ncccc1CNc1nc(Nc2ccc(C(=O)N3CC[C@H](O)C3)cc2)ncc1C(F)(F)F)S(C)(=O)=O,1
CNC(=O)c1ccc(Nc2ncc(C(F)(F)F)c(NCc3nccnc3N(C)S(C)(=O)=O)n2)cc1,1
CNC(=O)c1ccc(Nc2ncc(C(F)(F)F)c(NCc3nccnc3N(C)S(C)(=O)=O)n2)c(C)c1,1
CN(c1ncccc1CNc1nc(Nc2ccc(C3COC(C)(C)O3)cc2)ncc1C(F)(F)F)S(C)(=O)=O,1
CNC(=O)c1ccccc1Nc1nc(Nc2ccc(CNc3c(NCCNC(=O)/C(C#N)=C/C(C)C)c(=O)c3=O)cc2)ncc1Cl,1
CN(C)CCNC(=O)c1ccc(Nc2ncc(C(F)(F)F)c(NCc3cccnc3N(C)S(C)(=O)=O)n2)cc1,1
CN(c1nccnc1CNc1nc(Nc2ccc(C#N)c(O)c2)ncc1C(F)(F)F)S(C)(=O)=O,1
CN(c1ncccc1CNc1nc(Nc2ccc(C(=O)NC[C@H]3CCCO3)cc2)ncc1C(F)(F)F)S(C)(=O)=O,1
CS(=O)(=O)N1CCCc2cccc(c2)Nc2ncc(C(F)(F)F)c(n2)NCc2cccnc21,1
CC(=O)c1cccc(Nc2ncc(C(F)(F)F)c(NCc3cccnc3N(C)S(C)(=O)=O)n2)c1,1
Cc1ccc(CNc2nc(Nc3ccc(S(N)(=O)=O)cc3)ncc2C(F)(F)F)c(N(C)S(C)(=O)=O)n1,1
CN(c1ncccc1CNc1nc(Nc2cccc(C(=O)N3CCC3)c2)ncc1C(F)(F)F)S(C)(=O)=O,1
CN(c1ncccc1CNc1nc(Nc2ccncc2)ncc1C(F)(F)F)S(C)(=O)=O,1
CN(c1ncccc1CNc1nc(Nc2ccc(C(=O)N3CCNC(=O)C3)cc2)ncc1C(F)(F)F)S(C)(=O)=O,1
CN(C)CCCNC(=O)c1ccc(Nc2ncc(C(F)(F)F)c(NCc3cccnc3N(C)S(C)(=O)=O)n2)cc1,1
CN(c1cccnc1CNc1nc(Nc2cccc(C(N)=O)c2)ncc1C(F)(F)F)S(C)(=O)=O,1
CN(c1ncccc1CNc1nc(Nc2cccc(CNS(C)(=O)=O)c2)ncc1C(F)(F)F)S(C)(=O)=O,1
CC(C)S(=O)(=O)c1ccccc1Nc1nc(Nc2ccc(SCCCN3CCOCC3)cc2)ncc1Cl,1
CCN(c1ccc(Nc2ncc(C(F)(F)F)c(NCc3cccnc3N(C)S(C)(=O)=O)n2)cc1)S(C)(=O)=O,1
CN(c1ncccc1CNc1nc(Nc2ccc(C(=O)N3CC[C@H](F)C3)cc2)ncc1C(F)(F)F)S(C)(=O)=O,1
CCOC(=O)C1CCN(CC(=O)Nc2ccc(Nc3ncc(Cl)c(Nc4ccccc4S(=O)(=O)C(C)C)n3)cc2)CC1,1
CC(=O)Nc1cccc(Nc2ncc(C(F)(F)F)c(NCc3nccnc3N(C)S(C)(=O)=O)n2)c1,1
CN(c1cccc(CNc2nc(Nc3ccc(C(N)=O)c(Cl)c3)ncc2C(F)(F)F)c1)S(C)(=O)=O,1
CN(c1ncccc1CNc1nc(Nc2cccc(C(=O)NC[C@H]3CCCO3)c2)ncc1C(F)(F)F)S(C)(=O)=O,1
CN(c1ncccc1CNc1nc(Nc2ccc(C(=O)NCC3CC3)cc2)ncc1C(F)(F)F)S(C)(=O)=O,1
CNC(=O)c1ccc(Nc2ncc(C(F)(F)F)c(NCc3nccnc3N(C)S(C)(=O)=O)n2)c(F)c1,1
CN(c1ncccc1CNc1nc(Nc2ccc3c(c2)CC(=O)N3)ncc1C(F)(F)F)S(C)(=O)=O,1
CN(c1ncccc1CNc1nc(Nc2ccc3c(c2)CC(=O)N3)ncc1C(F)(F)F)S(C)(=O)=O,1
COc1cc(O)c2c(c1)C(=O)C1=C(C2=O)[C@H](O)[C@@H](O)[C@@](C)(O)[C@@H]1O,1
NC(=O)Cc1ccccc1CCc1nc(Nc2ccc(C3CCCNC3)cc2)ncc1C(F)(F)F,1
CNC(=O)c1ccccc1Nc1cc(Nc2ccc(N3CCOCC3)cc2OC)ncc1C(F)(F)F,1
CN(c1ncccc1CNc1nc(Nc2ccc3c(c2)CC(=O)N3)ncc1C(F)(F)F)S(C)(=O)=O,1
CNC(=O)c1ccc(Nc2ncc(C(F)(F)F)c(NCc3nccnc3N(C)S(C)(=O)=O)n2)cc1,1
CNC(=O)c1ccccc1Nc1cc(Nc2ccc(N3CCOCC3)cc2OC)ncc1C(F)(F)F,1
CN(c1ncccc1CNc1nc(Nc2ccc(C(C)(C)O)cc2)ncc1C(F)(F)F)S(C)(=O)=O,1
CN(c1ncccc1CNc1nc(Nc2ccc3c(c2)CC(=O)N3)ncc1C(F)(F)F)S(C)(=O)=O,1
CNC(=O)c1ccccc1Nc1nc(Nc2ccc(N3CCOCC3)cc2OC)ncc1C(F)(F)F,1
CNC(=O)c1ccccc1Nc1cc(Nc2ccc(N3CCOCC3)cc2OC)ncc1C(F)(F)F,1
CN(c1ccccc1CNc1nc(Nc2ccc3c(c2)CC(=O)N3)ncc1C(F)(F)F)S(C)(=O)=O,1
CNC(=O)c1ccccc1Nc1cc(Nc2ccc(N3CCOCC3)cc2OC)ncc1C(F)(F)F.Cl,1
CN(c1ncccc1CNc1nc(Nc2ccc3c(c2)CC(=O)N3)ncc1C(F)(F)F)S(C)(=O)=O,1
CC(=O)NCC(=O)Nc1cccc(Nc2ncc(C(F)(F)F)c(NCc3nccnc3N(C)S(C)(=O)=O)n2)c1,1
COCCCNC(=O)c1cccc(Nc2ncc(C(F)(F)F)c(NCc3cccnc3N(C)S(C)(=O)=O)n2)c1,1
CN(c1ncccc1CNc1nc(Nc2ccc(CCl)cc2)ncc1C(F)(F)F)S(C)(=O)=O,1
CN(c1ncccc1CNc1nc(Nc2ccc(C(=O)NCC(C)(C)CO)cc2)ncc1C(F)(F)F)S(C)(=O)=O,1
CN(C)C(=O)CNC(=O)c1ccc(Nc2ncc(C(F)(F)F)c(NCc3cccnc3N(C)S(C)(=O)=O)n2)cc1,1
CN(c1ncccc1CNc1nc(Nc2ccc(F)c(C(N)=O)c2)ncc1C(F)(F)F)S(C)(=O)=O,1
CNC(=O)c1cccc(Nc2ncc(C(F)(F)F)c(NCc3cccnc3N(C)S(C)(=O)=O)n2)c1,1
CN(c1nccnc1CNc1nc(Nc2ccc(C(C)(C)O)cc2)ncc1C(F)(F)F)S(C)(=O)=O,1
CN(c1ncccc1CNc1nc(Nc2cccc(C#N)c2)ncc1C(F)(F)F)S(C)(=O)=O,1
CN1CCN(c2cccc(Nc3ncc(C(F)(F)F)c(NCc4cccnc4N(C)S(C)(=O)=O)n3)c2)C1=O,1
CN(c1ncccc1CNc1nc(Nc2cccc(C(=O)NC(C)(C)CO)c2)ncc1C(F)(F)F)S(C)(=O)=O,1
CC(=O)Nc1cccc(Nc2ncc(C(F)(F)F)c(NCc3ncccc3N(C)S(C)(=O)=O)n2)c1,1
CN(c1nccnc1CNc1nc(Nc2ccc(C(N)=O)c(F)c2)ncc1C(F)(F)F)S(C)(=O)=O,1
Cc1ncc(CNc2nc(Nc3ccc(C(N)=O)cc3)ncc2C(F)(F)F)c(N(C)S(C)(=O)=O)n1,1
CN(c1cccnc1CNc1nc(Nc2ccc(C(N)=O)c(F)c2)ncc1C(F)(F)F)S(C)(=O)=O,1
CNC(=O)c1ccc(Nc2ncc(C(F)(F)F)c(NCc3nccnc3N(C)S(C)(=O)=O)n2)cc1,1
CN(c1ncccc1CNc1nc(Nc2ccc(C(=O)N3CCCCC3)cc2)ncc1C(F)(F)F)S(C)(=O)=O,1
CN(c1ncccc1CNc1nc(Nc2ccc(OC(F)(F)F)cc2)ncc1C(F)(F)F)S(C)(=O)=O,1
CNC(=O)c1ccc(Nc2ncc(C(F)(F)F)c(Nc3ccccc3OC)n2)cc1,1
COc1cc(C(=O)NC2CCNCC2)ccc1Nc1nc(Oc2cccc3c2C(=O)CC3)c2cc[nH]c2n1,1
CN(c1cccc(CNc2nc(Nc3ccc4c(c3)CC(=O)N4)ncc2C(F)(F)F)c1)S(C)(=O)=O,1
CN1CCN(c2ccc(Nc3ncc(C(F)(F)F)c(CCc4ccccc4CC(N)=O)n3)cc2)CC1,1
COc1cc(N2CCNCC2)ccc1Nc1ncc(C(F)(F)F)c(CCc2ccccc2CC(N)=O)n1,1
CN(c1ncccc1CNc1nc(Nc2ccc(C(=O)N3CC[C@@H](O)C3)cc2)ncc1C(F)(F)F)S(C)(=O)=O,1
CN(c1ncccc1CNc1nc(Nc2cccc(C(=O)NCc3ccccn3)c2)ncc1C(F)(F)F)S(C)(=O)=O,1
CN(c1ncccc1CNc1nc(Nc2ccnc(O)c2)ncc1C(F)(F)F)S(C)(=O)=O,1
CN(c1cccnc1CNc1nc(Nc2cc(C(N)=O)ccc2F)ncc1C(F)(F)F)S(C)(=O)=O,1
CCC(=O)Nc1cccc(Nc2ncc(C(F)(F)F)c(NCc3cccnc3N(C)S(C)(=O)=O)n2)c1,1
CN(C)C(=O)CNC(=O)c1cccc(Nc2ncc(C(F)(F)F)c(NCc3cccnc3N(C)S(C)(=O)=O)n2)c1,1
Cc1cccc(NS(C)(=O)=O)c1CNc1nc(Nc2ccc(-c3nnn[nH]3)cc2)ncc1C(F)(F)F,1
CNC(=O)c1ccc(Nc2ncc(C(F)(F)F)c(NCc3cccc(S(C)(=O)=O)c3)n2)cc1,1
CC[C@@H](CO)NC(=O)c1cccc(Nc2ncc(C(F)(F)F)c(NCc3cccnc3N(C)S(C)(=O)=O)n2)c1,1
COc1cc(C(=O)NC2CCN(C3CC3)CC2)c(F)cc1Nc1ncc(C(F)(F)F)c(Oc2cccc3c2C(=O)N(C)C3)n1,1
COc1cc(C(=O)NC2CCN(C)CC2)c(F)cc1Nc1ncc(Cl)c(Oc2cccc3c2C(=O)CC3)n1,1
COc1cc(C(=O)NC2CCN(C3CCOCC3)CC2)c(F)cc1Nc1ncc(C(F)(F)F)c(Oc2cccc3c2C(=O)N(C)C3)n1,1
CNC(=O)c1ccc(Nc2ncc(C(F)(F)F)c(Oc3cccc4c3C(=O)N(C)C4)n2)c(OC)c1,1
COCCNC(=O)c1ccc(Nc2ncc(C(F)(F)F)c(Oc3cccc4c3C(=O)N(C)C4)n2)c(C)c1,1
COc1cc(CN(C)C)ccc1Nc1ncc(Cl)c(Oc2cccc3c2C(=O)N(C)C3)n1,1
COc1cc(C(=O)NC2CCN(C)CC2)ccc1Nc1ncc(Br)c(Oc2cccc3c2C(=O)CC3)n1,1
COc1cc(N2CCN(C)CC2)ccc1Nc1ncc(Cl)c(Oc2cccc3c2C(=O)CC3)n1,1
COc1cc(C(=O)NC2CCN(C)CC2)ccc1Nc1ncc(C(F)(F)F)c(Oc2cccc3c2C(=O)CC3)n1,1
COc1cc(C(=O)N[C@@H]2CCN(C)C[C@@H]2F)c(F)cc1Nc1ncc(C(F)(F)F)c(Oc2cccc3c2C(=O)N(C)C3)n1,1
CN1CCC(Nc2ccc(Nc3ncc(C(F)(F)F)c(Oc4cccc5c4C(=O)N(C)C5)n3)cc2F)CC1,1
COc1cc(N2CCN(C3COC3)CC2)ccc1Nc1ncc(C(F)(F)F)c(Oc2cccc3c2C(=O)N(C)C3)n1,1
COc1cc(C(=O)NC2CCN(C)CC2)ccc1Nc1ncc(C(F)(F)F)c(Oc2ccc(C)c3c2C(=O)CC3)n1,1
COc1cc(N2CCN(CC3CC3)CC2)ccc1Nc1ncc(C(F)(F)F)c(Oc2cccc3c2C(=O)N(C)C3)n1,1
COc1cc(C(=O)NC2CCN(C)CC2)ccc1Nc1ncc(C(F)(F)F)c(Oc2cccc3c2C(=O)N(OC)C3)n1,1
COc1cc(C(=O)N[C@@H]2CCN(C)C[C@@H]2F)c(F)cc1Nc1ncc(Cl)c(Oc2cccc3c2C(=O)N(C)C3)n1,1
COc1cc(N2CCN(CC(=O)N(C)OC)CC2)ccc1Nc1ncc(C(F)(F)F)c(Oc2cccc3c2C(=O)N(C)C3)n1,1
CNC(=O)c1ccccc1Nc1nc(Nc2ccc3c(c2OC)CCC[C@H](N2CCN(CCO)CC2)C3)ncc1Cl,1
COc1cc(C(=O)N[C@H]2CCN(C)C[C@H]2F)ccc1Nc1ncc(C(F)(F)F)c(Oc2cccc3c2C(=O)CC3)n1,1
COc1cc(C(=O)NC2CCN(C)CC2)ccc1Nc1ncc(C(F)(F)F)c(Oc2cccc3c2C(=O)N(CCF)[C@H]3C)n1,1
COc1cc(C(=O)NC2CCN(C)CC2)ccc1Nc1ncc(C(F)(F)F)c(Oc2cccc3c2C(=O)N(CCF)[C@@H]3C)n1,1
COc1cc(C(=O)N[C@H]2CC[C@H](O)CC2)c(F)cc1Nc1ncc(C(F)(F)F)c(Oc2cccc3c2C(=O)N(C)C3)n1,1
COc1cc(C(=O)N[C@H]2CCN(C(C)C)C[C@H]2F)c(F)cc1Nc1ncc(Cl)c(Oc2cccc3c2C(=O)N(C)[C@H]3C)n1,1
COc1cc(C(=O)NC2CCN(C)C[C@H]2OC)c(F)cc1Nc1ncc(C(F)(F)F)c(Oc2cccc3c2C(=O)N(C)C3)n1,1
COc1cc(C(=O)NC2CCN(C)CC2)c(F)cc1Nc1ncc(C(F)(F)F)c(Oc2ccc(C)c3c2C(=O)N(C)C3)n1,1
COc1cc(C(=O)NC2CCN(C)CC2)c(F)cc1Nc1ncc(C#N)c(Oc2cccc3c2C(=O)CC3)n1,1
CCN1CCC(NC(=O)c2cc(OC)c(Nc3ncc(C(F)(F)F)c(Oc4cccc5c4C(=O)N(C)C5)n3)cc2F)CC1,1
COc1cc(C(=O)NC2CCN(C)CC2)ccc1Nc1ncc(C(F)(F)F)c(Oc2cccc3c2C(=O)N(C)CC3)n1,1
CCN1CCC(NC(=O)c2cc(OC)c(Nc3ncc(C(F)(F)F)c(Oc4cccc5c4C(=O)N(C)C5)n3)cc2Cl)CC1,1
COc1cc(C(=O)N[C@H]2CCN(C)C[C@H]2F)c(Cl)cc1Nc1ncc(C(F)(F)F)c(Oc2cccc3c2C(=O)N(C)C3)n1,1
COc1cc(C(=O)NCC(C)(C)CN(C)C)c(F)cc1Nc1ncc(C(F)(F)F)c(Oc2cccc3c2C(=O)N(C)C3)n1,1
CN(c1ccccc1CNc1nc(Nc2ccc3c(c2)CC(=O)N3)ncc1C(F)(F)F)S(C)(=O)=O,1
CN1CCC(c2ccc(Nc3ncc(C(F)(F)F)c(CCc4ccccc4CC(N)=O)n3)cc2)CC1,1
CNC(=O)c1ccc(Nc2ncc(C(F)(F)F)c(Oc3cccc4c3C(=O)N(C)C4)n2)c(C)c1,1
COc1cc(C(=O)NC2CCN(C)CC2)c(F)cc1Nc1ncc(Cl)c(Oc2cccc3c2C(=O)N(C)C3)n1,1
COc1cc(C(=O)N[C@H]2CC[C@H](N3CCN(CC4CC4)CC3)CC2)c(C)cc1Nc1ncc(Cl)c(Oc2cccc3c2C(=O)N(C)C3)n1,1
COc1cc(C(=O)NCC2CC2)c(C)cc1Nc1ncc(Cl)c(Oc2cccc3c2C(=O)N(C)C3)n1,1
CCN1CCC(NC(=O)c2ccc(Nc3ncc(C(F)(F)F)c(Oc4cccc5c4C(=O)N(C)C5)n3)c(OC)c2)CC1,1
Cc1ccc(CNc2nc(Nc3ccc(N4CCCS4(=O)=O)cc3)ncc2C(F)(F)F)c(N(C)S(C)(=O)=O)n1,1
CN(c1ncccc1CNc1nc(Nc2cccc(N3CCOCC3)c2)ncc1C(F)(F)F)S(C)(=O)=O,1
COc1cc(N2CCN(C)CC2)ccc1Nc1nc(Oc2ccc(C)c3c2C(=O)CC3)c2cc[nH]c2n1,1
CN(c1ncccc1CNc1nc(Nc2ccc(C(=O)N3CCCC3)cc2)ncc1C(F)(F)F)S(C)(=O)=O,1
CN(c1ccnc(CNc2nc(Nc3ccc(C(N)=O)cc3)ncc2C(F)(F)F)c1)S(C)(=O)=O,1
CS(=O)(=O)c1cccc(CNc2nc(Nc3ccc(N4CCCS4(=O)=O)cc3)ncc2C(F)(F)F)c1,1
Cc1cc(O)cc2oc(=O)c3c(O)cc(OS(=O)(=O)O)cc3c12,1
NC(=O)Cc1ccccc1CCc1nc(Nc2ccc(N3CCNCC3)cc2)ncc1C(F)(F)F,1
CN(CC1CC1)C(=O)c1ccc(Nc2ncc(C(F)(F)F)c(NCc3cccnc3N(C)S(C)(=O)=O)n2)cc1,1
COc1cc(C2CCN(C)CC2)ccc1Nc1ncc(C(F)(F)F)c(CCc2cccc(C(N)=O)c2)n1,1
CN(c1ncccc1CNc1nc(Nc2cccc(C(=O)NCC3(O)CCC3)c2)ncc1C(F)(F)F)S(C)(=O)=O,1
CN(c1cccc(CNc2nc(Nc3ccc(C(N)=O)c(F)c3)ncc2C(F)(F)F)c1)S(C)(=O)=O,1
CC(C)OCc1ccc(Nc2ncc(C(F)(F)F)c(NCc3cccnc3N(C)S(C)(=O)=O)n2)cc1,1
CN(c1ncccc1CNc1nc(Nc2cccc(C(=O)N3CCOCC3)c2)ncc1C(F)(F)F)S(C)(=O)=O,1
CN(c1ncccc1CNc1nc(Nc2cccc(C(=O)NC3CCC3)c2)ncc1C(F)(F)F)S(C)(=O)=O,1
CC(=O)NCC(=O)Nc1cccc(Nc2ncc(C(F)(F)F)c(NCc3ncccc3N(C)S(C)(=O)=O)n2)c1,1
CN(C)C(=O)c1ccc(Nc2ncc(C(F)(F)F)c(NCc3cccc(N(C)S(C)(=O)=O)c3)n2)cc1,1
C=CC(=O)Nc1cc(Nc2nccc(-c3cnc4c(C)cccn34)n2)c(OC)cc1N(C)CCN(C)C,1
COc1cc(C2CCN(C)CC2)ccc1Nc1ncc(C(F)(F)F)c(CCc2ccccc2CC(N)=O)n1,1
COc1c(Nc2ncc(Cl)c(Nc3ccccc3N(C)S(C)(=O)=O)n2)ccc2c1CCCC(N1CCN(C)CC1)C2,1
CN1CCC(c2ccc(Nc3ncc(C(F)(F)F)c(CCc4ccccc4CC(N)=O)n3)c(OC(F)(F)F)c2)CC1,1
CN(c1ncccc1CNc1nc(Nc2cccc(CS(N)(=O)=O)c2)ncc1C(F)(F)F)S(C)(=O)=O,1
CN(c1nccnc1CNc1nc(Nc2cccc(C(N)=O)c2)ncc1C(F)(F)F)S(C)(=O)=O,1
CN(c1ncccc1CNc1nc(Nc2cccc(C(=N)N)c2)ncc1C(F)(F)F)S(C)(=O)=O,1
CN1CCN(Cc2ccc(Nc3ncc(C(F)(F)F)c(CCc4ccccc4CC(N)=O)n3)cc2)CC1,1
CN(c1ncccc1CNc1nc(Nc2ccc(C(=O)N3CCC[C@H](O)C3)cc2)ncc1C(F)(F)F)S(C)(=O)=O,1
CN(CCO)C(=O)c1ccc(Nc2ncc(C(F)(F)F)c(NCc3cccnc3N(C)S(C)(=O)=O)n2)cc1,1
CC(=O)Nc1ccc(Nc2ncc(C(F)(F)F)c(NCc3cccnc3N(C)S(C)(=O)=O)n2)cn1,1
CN(c1ncccc1CNc1nc(Nc2ccc(C(=O)N3CCC[C@@H](O)C3)cc2)ncc1C(F)(F)F)S(C)(=O)=O,1
COCCCN(C)C(=O)c1ccc(Nc2ncc(C(F)(F)F)c(NCc3cccnc3N(C)S(C)(=O)=O)n2)cc1,1
CN(C)C(=O)c1ccc(Nc2ncc(C(F)(F)F)c(NCc3cccnc3N(C)S(C)(=O)=O)n2)cc1,1
Cc1cc(O)cc2oc(=O)c3c(O)cc(O)cc3c12,1
CN1CCCC(c2ccc(Nc3ncc(C(F)(F)F)c(CCc4ccccc4CC(N)=O)n3)cc2)C1,1
C[C@H]1COCCN1C(=O)c1cccc(Nc2ncc(C(F)(F)F)c(NCc3cccnc3N(C)S(C)(=O)=O)n2)c1,1
COc1c(Nc2ncc(Cl)c(Nc3ccccc3N(C)S(C)(=O)=O)n2)ccc2c1CCCC(N1CCN(CCO)CC1)C2,1
NC(=O)Cc1ccccc1CCc1nc(Nc2ccc3c(c2)CCNC3)ncc1C(F)(F)F,1
CC[C@H](CO)NC(=O)c1cccc(Nc2ncc(C(F)(F)F)c(NCc3cccnc3N(C)S(C)(=O)=O)n2)c1,1
Cc1ccc(Oc2nc(Nc3ccc(N4CCC(N5CCN(C)CC5)CC4)cc3)nc3[nH]ccc23)c2c1CCC2=O,1
CN1CCCCC1c1ccc(Nc2ncc(C(F)(F)F)c(CCc3ccccc3CC(N)=O)n2)cc1,1
NC(=O)Cc1ccccc1CCc1nc(Nc2ccc(C3CCNCC3)cc2)ncc1C(F)(F)F,1
CN1CCN(c2ccc(Nc3ncc(C(F)(F)F)c(CCc4cccc(C(N)=O)c4)n3)cc2)CC1,1
CC/C=C(\C#N)C(=O)NCCNc1c(NCc2ccc(Nc3ncc(Cl)c(Nc4ccccc4C(=O)NC)n3)cc2)c(=O)c1=O,1
CN(C)CCCNC(=O)c1cccc(Nc2ncc(C(F)(F)F)c(NCc3cccnc3N(C)S(C)(=O)=O)n2)c1,1
CN1CCN(C(=O)c2cccc(Nc3ncc(C(F)(F)F)c(NCc4cccnc4N(C)S(C)(=O)=O)n3)c2)CC1,1
CNC(=O)c1ccccc1Nc1nc(Nc2ccc(SCC(=O)N3CCOCC3)cc2)ncc1Cl,1
CN(c1ncccc1CNc1nc(Nc2ccc(C(=O)N3C[C@@H](F)[C@H](F)C3)cc2)ncc1C(F)(F)F)S(C)(=O)=O,1
CC(=O)NCCNC(=O)c1ccc(Nc2ncc(C(F)(F)F)c(NCc3cccnc3N(C)S(C)(=O)=O)n2)cc1,1
CN(c1ncccc1CNc1nc(Nc2ccc(C(=O)N3CCC(C)(O)C3)cc2)ncc1C(F)(F)F)S(C)(=O)=O,1
Cc1ncc(CNc2nc(Nc3ccccc3)ncc2C(F)(F)F)c(N(C)S(C)(=O)=O)n1,1
CN(c1ncccc1CNc1nc(Nc2ccc(C(=O)N3CC(F)C3)cc2)ncc1C(F)(F)F)S(C)(=O)=O,1
CN(c1cccnc1CNc1nc(Nc2ccc(C(C)(C)O)cc2)ncc1C(F)(F)F)S(C)(=O)=O,1
CN(c1ncccc1CNc1nc(Nc2ccc(C(=O)NC[C@@H]3C[C@H]3CO)cc2)ncc1C(F)(F)F)S(C)(=O)=O,1
NC(=O)Cc1ccccc1CCc1nc(Nc2ccc(C3CCNCC3)cc2OC(F)(F)F)ncc1C(F)(F)F,1
CNC(=O)c1ccc(Nc2ncc(C(F)(F)F)c(NCc3ccccc3Cl)n2)cc1,1
C[C@@H]1COCCN1C(=O)c1cccc(Nc2ncc(C(F)(F)F)c(NCc3cccnc3N(C)S(C)(=O)=O)n2)c1,1
NC(=O)Cc1ccccc1CCc1nc(Nc2ccc(C3CNCCO3)cc2)ncc1C(F)(F)F,1
CN(c1ncccc1CNc1nc(Nc2cccc(C(=O)N3CCNC(=O)C3)c2)ncc1C(F)(F)F)S(C)(=O)=O,1
CCN1CCN(c2ccc(Nc3ncc(C(F)(F)F)c(CCc4ccccc4CC(N)=O)n3)cc2)CC1,1
CN1CCN(C2CCN(c3ccc(Nc4nc(Oc5cccc6c5C(=O)CC6)c5cc[nH]c5n4)cc3)CC2)CC1,1
Cc1ccc(CNc2nc(Nc3ccc(C(=O)N(C)C)cc3)ncc2C(F)(F)F)c(NS(C)(=O)=O)c1,1
CC(=O)Nc1cccc(Nc2ncc(C(F)(F)F)c(NCc3cccc(N(C)S(C)(=O)=O)c3)n2)c1,1
CNC(=O)c1ccc(Nc2ncc(C(F)(F)F)c(NCc3nccnc3N(C)S(C)(=O)=O)n2)cc1,1
CNC(=O)c1ccc(Nc2ncc(C(F)(F)F)c(NCc3nccnc3N(C)S(C)(=O)=O)n2)cc1,1
CONC(=O)c1ccc(Nc2ncc(C(F)(F)F)c(Oc3cccc4c3C(=O)N(C)C4)n2)c(C)c1,1
COc1cc(C(=O)N[C@H]2CCN(C)C[C@@H]2F)ccc1Nc1ncc(C(F)(F)F)c(Oc2cccc3c2C(=O)CC3)n1,1
COc1cc(C(=O)N[C@@H]2CCN(C)C[C@@H]2F)ccc1Nc1ncc(C(F)(F)F)c(Oc2cccc3c2C(=O)CC3)n1,1
COc1cc(C(=O)NC2CCOCC2)ccc1Nc1ncc(C(F)(F)F)c(Oc2cccc3c2C(=O)OC3)n1,1
COc1cc(C(=O)NC2CCN(C)CC2)c(Cl)cc1Nc1ncc(C(F)(F)F)c(Oc2cccc3c2C(=O)CC3)n1,1
COc1cc(C(=O)NC2CCN(C)CC2)c(F)cc1Nc1ncc(C(F)(F)F)c(Oc2ccc(C)c3c2C(=O)CC3)n1,1
COc1cc(C(=O)NC2CCOCC2)ccc1Nc1ncc(C(F)(F)F)c(Oc2cccc3c2C(=O)N(C)C3)n1,1
COc1cc(C(=O)N[C@H]2CC[C@H](N3CCN(CC4CC4)CC3)CC2)c(F)cc1Nc1ncc(C(F)(F)F)c(Oc2cccc3c2C(=O)N(C)C3)n1,1
COCCCNC(=O)c1ccc(Nc2ncc(C(F)(F)F)c(Oc3cccc4c3C(=O)N(C)C4)n2)c(OC)c1,1
NC(=O)Cc1ccccc1CCc1nc(Nc2ccc(C3CCNCC3)cc2)ncc1C(F)(F)F,1
COc1cc(C(=O)NC2CCN(C)CC2)ccc1Nc1ncc(C(F)(F)F)c(Oc2cccc3c2C(=O)N(CCF)C3C)n1,1
COc1cc(C(=O)NC2CCOC2)c(F)cc1Nc1ncc(C(F)(F)F)c(Oc2cccc3c2C(=O)N(C)C3)n1,1
COc1cc(C(=O)N(C)C)c(C)cc1Nc1ncc(C(F)(F)F)c(Oc2cccc3c2C(=O)N(C)C3)n1,1
COc1cc(/C(C)=C/C(=O)N(C)C)ccc1Nc1ncc(C(F)(F)F)c(Oc2cccc3c2C(=O)N(C)C3)n1,1
COc1cc(C(=O)NC2CCN(C)CC2)ccc1Nc1ncc(C(C)C)c(Oc2cccc3c2C(=O)CC3)n1,1
NC(=O)Cc1ccccc1CCc1nc(Nc2ccc(CN3CCNCC3)cc2)ncc1C(F)(F)F,1
COc1cc(C(=O)NC2CCN(C)CC2)ccc1Nc1ncc(C(F)(F)F)c(Oc2ccccc2NS(C)(=O)=O)n1,1
COc1cc(O[C@@H]2CO[C@H]3[C@@H]2OC[C@H]3O)ccc1Nc1ncc(C(F)(F)F)c(Oc2cccc3c2C(=O)N(C)C3)n1,1
CC(=O)N1CCC(NC(=O)c2ccc(Nc3ncc(C(F)(F)F)c(Oc4cccc5c4C(=O)N(C)C5)n3)c(C)c2)CC1,1
COc1cc(C(=O)NC2CCN(C)CC2)ccc1Nc1ncc(C(F)(F)F)c(Oc2cccc3c2C(=O)OC3)n1,1
CNC(=O)c1ccccc1Nc1nc(Nc2ccc3c(c2OC)CCCC(N2CCN(CCO)CC2)C3)ncc1Cl,1
CN(c1cccc(CNc2nc(Nc3ccc(C(N)=O)c(O)c3)ncc2C(F)(F)F)c1)S(C)(=O)=O,1
CN(C)CCNC(=O)c1cccc(Nc2ncc(C(F)(F)F)c(NCc3cccnc3N(C)S(C)(=O)=O)n2)c1,1
CS(=O)(=O)N1CCCCC(=O)N2CCc3cc(ccc32)Nc2ncc(C(F)(F)F)c(n2)NCc2ccccc21,1
CS(=O)(=O)N1CCCc2cc(ccc2N2CCOCC2)Nc2ncc(C(F)(F)F)c(n2)NCc2cccnc21,1
CCS(=O)(=O)N(CCCCC(=O)O)c1ccccc1CNc1nc(Nc2ccc3c(c2)CCN3)ncc1C(F)(F)F,1
CN(c1ncccc1CNc1nc(Nc2cccc(C(=O)N3CCC(C)(O)C3)c2)ncc1C(F)(F)F)S(C)(=O)=O,1
CN(c1ncccc1CNc1nc(Nc2cccc(C(=O)N3CC(F)[C@H](F)C3)c2)ncc1C(F)(F)F)S(C)(=O)=O,1
CN1CCN(c2cccc(Nc3ncc(C(F)(F)F)c(CCc4ccccc4CC(N)=O)n3)c2)CC1,1
CN(c1ncccc1CNc1nc(Nc2ccc(C(N)=O)cc2)ncc1C(F)(F)F)S(C)(=O)=O,1
Cc1cccc(NS(C)(=O)=O)c1CNc1nc(Nc2ccc(C(=O)N(C)C)cc2)ncc1C(F)(F)F,1
CC(=O)NCCNC(=O)c1cccc(Nc2ncc(C(F)(F)F)c(NCc3cccnc3N(C)S(C)(=O)=O)n2)c1,1
COc1ccc(C(N)=O)cc1Nc1ncc(C(F)(F)F)c(NCc2ncc(C)nc2N(C)S(C)(=O)=O)n1,1
NC(=O)Cc1cccnc1CCc1nc(Nc2ccc(C3CCNCC3)cc2)ncc1C(F)(F)F,1
Cc1ccc(C(N)=O)cc1Nc1ncc(C(F)(F)F)c(NCc2nccnc2N(C)S(C)(=O)=O)n1,1
CS(=O)(=O)c1cccc(CNc2nc(Nc3ccc(C(N)=O)cc3)ncc2C(F)(F)F)c1,1
CCc1cc(C2CCN(C)CC2)ccc1Nc1ncc(C(F)(F)F)c(CCc2ccccc2CC(N)=O)n1,1
CCN1CCC(c2ccc(Nc3ncc(C(F)(F)F)c(CCc4ccccc4CC(N)=O)n3)c(OC)c2)CC1,1
CCN1CCC(c2ccc(Nc3ncc(C(F)(F)F)c(CCc4ccccc4CC(N)=O)n3)cc2)CC1,1
Cc1cc(C2CCN(C)CC2)ccc1Nc1ncc(C(F)(F)F)c(CCc2ccccc2CC(N)=O)n1,1
CCCC1(NC(=O)c2cccc(Nc3ncc(C(F)(F)F)c(NCc4cccnc4N(C)S(C)(=O)=O)n3)c2)CC1,1
C=CC(=O)NCCNc1c(NCc2ccc(Nc3ncc(Cl)c(Nc4ccccc4C(=O)NOC)n3)cc2)c(=O)c1=O,1
CC(C)[C@H](CO)NC(=O)c1cccc(Nc2ncc(C(F)(F)F)c(NCc3cccnc3N(C)S(C)(=O)=O)n2)c1,1
COc1c(Nc2ncc(Cl)c(Nc3ccccc3N3CCCS3(=O)=O)n2)ccc2c1CCCC(N1CCN(CCO)CC1)C2,1
COc1cc(N2CCN(C)CC2)ccc1Nc1nc(Oc2cccc3c2C(=O)CC3)c2cc[nH]c2n1,1
Cc1ncc(CNc2nc(Nc3cccc(C(N)=O)c3)ncc2C(F)(F)F)c(N(C)S(C)(=O)=O)n1,1
CNC(=O)c1ccc(Nc2ncc(C(F)(F)F)c(NCc3nccnc3N(C)S(C)(=O)=O)n2)cc1,1
COc1cc(N2CCC(N3CCN(C)CC3)CC2)ccc1Nc1ncc(Cl)c(Nc2ccccc2P(C)(C)=O)n1,1
CNC(=O)c1ccc(Nc2ncc(C(F)(F)F)c(NCc3nccnc3N(C)S(C)(=O)=O)n2)cc1,1
CC(=O)C1CCN(c2ccc(Nc3ncc(C(F)(F)F)c(CCc4ccccc4CC(N)=O)n3)cc2)CC1,1
Cc1cc(Nc2nc(Oc3cccc4c3C(=O)CC4)c3cc[nH]c3n2)ccc1OCCN(C)C,1
CN(C)C1CN(C(=O)c2ccc(Nc3ncc(C(F)(F)F)c(NCc4cccnc4N(C)S(C)(=O)=O)n3)cc2)C1,1
COc1cc(C#CC(=O)N(C)C)ccc1Nc1ncc(C(F)(F)F)c(Oc2cccc3c2C(=O)N(C)C3)n1,1
COc1c(Nc2ncc(Cl)c(Nc3ccccc3-c3nccn3C)n2)ccc2c1CCCC(N1CCN(CCO)CC1)C2,1
CS(=O)(=O)c1cccc(CNc2nc(Nc3ccc4c(c3)CCC(=O)N4)ncc2C(F)(F)F)c1,1
COc1cc(C(=O)NC2CCN(C)CC2)c(F)cc1Nc1ncc(C(F)(F)F)c(Oc2cccc3c2C(=O)OC3)n1,1
COc1cc(C(=O)NC2CCN(C)CC2)c(F)cc1Nc1ncc(C(F)(F)F)c(Oc2cccc3c2C(=O)N(CCF)[C@@H]3C)n1,1
NC(=O)Cc1ccccc1CCc1nc(Nc2ccc(C3CCCNC3)cc2)ncc1C(F)(F)F,1
COc1cc(Nc2ncc3ccn(-c4cccc(CCC(=O)O)n4)c3n2)cc(OC)c1OC,1
COc1cc(C(=O)N[C@@H]2CCN(C)C[C@@H]2F)c(Cl)cc1Nc1ncc(C(F)(F)F)c(Oc2cccc3c2C(=O)N(C)C3)n1,1
CS(=O)(=O)c1cccc(CNc2nc(Nc3ccc4c(c3)CC(=O)N4)ncc2C(F)(F)F)c1,1
COc1cc(C(=O)NC2CCN(C)CC2)c(F)cc1Nc1ncc(C(F)(F)F)c(Oc2cccc3c2C(=O)CC3)n1,1
COc1cc(C(=O)NC2CCN(C3CCOCC3)CC2)ccc1Nc1ncc(C(F)(F)F)c(Oc2cccc3c2C(=O)CC3)n1,1
COc1cc(/C=C/C(=O)N(C)C)ccc1Nc1ncc(C(F)(F)F)c(Oc2cccc3c2C(=O)N(C)C3)n1,1
COc1cc(C(=O)N[C@@H]2CCN(C)C2)c(Cl)cc1Nc1ncc(C(F)(F)F)c(Oc2cccc3c2C(=O)CC3)n1,1
CS(=O)(=O)c1cccc(CNc2nc(Nc3ccc4c(c3)CCC(=O)N4)ncc2C(F)(F)F)c1,1
CN(c1ncccc1CNc1nc(Nc2ccc(C(N)=O)nc2)ncc1C(F)(F)F)S(C)(=O)=O,1
CCN1CCN(c2ccc(Nc3ncc(C(F)(F)F)c(CCc4ccccc4CC(N)=O)n3)cc2)CC1,1
CS(=O)(=O)c1cccc(CNc2nc(Nc3ccc4c(c3)CCC(=O)N4)ncc2C(F)(F)F)c1,1
COc1cc(C(=O)NC2CCN(C)CC2)ccc1Nc1ncc(C(F)(F)F)c(Oc2cc(F)ccc2NS(C)(=O)=O)n1,1
O=C1Cc2cc(Nc3ncc(C(F)(F)F)c(Oc4cccc5c4C(=O)OC5)n3)ccc2N1,1
COc1cc(C(=O)NC2CCOCC2)c(F)cc1Nc1ncc(C(F)(F)F)c(Oc2cccc3c2C(=O)N(OC)C3)n1,1
COc1cc(C(=O)NC2CCN(C)CC2)c(F)cc1Nc1ncc(C(F)(F)F)c(Oc2cccc3c2C(=O)N(CCF)[C@H]3C)n1,1
COc1cc(C(=O)N[C@@H]2CCN(C)C[C@@H]2F)c(F)cc1Nc1ncc(C(F)(F)F)c(Oc2cccc3c2C(=O)CC3)n1,1
COc1cc(O[C@H]2CCOC2)ccc1Nc1ncc(C(F)(F)F)c(Oc2cccc3c2C(=O)N(C)C3)n1,1
CNC(=O)c1ccc(Nc2ncc(C(F)(F)F)c(NCc3cccc(Br)c3)n2)cc1,1
CN(c1ncccc1CNc1nc(Nc2cccc(C(=O)N3CC[C@@H](O)C3)c2)ncc1C(F)(F)F)S(C)(=O)=O,1
CN(c1cnccc1CNc1nc(Nc2ccc(S(N)(=O)=O)cc2)ncc1C(F)(F)F)S(C)(=O)=O,1
COc1ccc(Cn2ncc(NC(=O)c3cc(NC(=O)Nc4ccc(Cl)c(C(F)(F)F)c4)ccc3C)c2N)cc1,1
Cc1cc(Nc2nc(Oc3cccc4c3C(=O)CC4)c3cc[nH]c3n2)ccc1N1CCN(CC2CC2)CC1,1
CN1CCN(c2cccc(Nc3ncc(C(F)(F)F)c(CCc4cccc(C(N)=O)c4)n3)c2)CC1,1
CN(c1ncccc1CNc1nc(Nc2cccc(C(=O)N3CC[C@H](O)C3)c2)ncc1C(F)(F)F)S(C)(=O)=O,1
CNC(=O)c1ccc(Nc2ncc(C(F)(F)F)c(NCc3cccc(F)c3)n2)cc1,1
CCOP(=O)(Cc1ccc(Nc2ncc(Cl)c(Nc3ccccc3C(=O)NC)n2)cc1)OCC,1
CC(C)NC(=O)c1cccc(Nc2ncc(C(F)(F)F)c(NCc3cccnc3N(C)S(C)(=O)=O)n2)c1,1
CN(C)CCN(C)C(=O)c1cccc(Nc2ncc(C(F)(F)F)c(NCc3cccnc3N(C)S(C)(=O)=O)n2)c1,1
CS(=O)(=O)N1C/C=C/c2cc(ccc2N2CCOCC2)Nc2ncc(C(F)(F)F)c(n2)NCc2cccnc21,1
CNC(=O)c1ccc(Nc2ncc(C(F)(F)F)c(NCc3ccc(F)cc3)n2)cc1,1
CC1CCN(C(=O)c2cccc(Nc3ncc(C(F)(F)F)c(NCc4cccnc4N(C)S(C)(=O)=O)n3)c2)CC1,1
CNC(=O)c1ccccc1Nc1nc(Nc2ccc(N3CCOCC3)cc2OC)ncc1Cl,1
CN(c1cccc(CNc2nc(Nc3ccc(C#N)c(O)c3)ncc2C(F)(F)F)c1)S(C)(=O)=O,1
CN(c1cccnc1CNc1nc(Nc2ccc(F)c(C(N)=O)c2)ncc1C(F)(F)F)S(C)(=O)=O,1
CN(c1ncccc1CNc1nc(Nc2ccc(C(=O)NC(CO)CO)cc2)ncc1C(F)(F)F)S(C)(=O)=O,1
C=CC(=O)NCCNc1c(NCc2ccc(Nc3ncc(Cl)c(NCc4ccccc4N(C)S(C)(=O)=O)n3)cc2)c(=O)c1=O,1
CCOP(=O)(CCCOc1ccc(Nc2ncc([N+](=O)[O-])c(Nc3ccccc3C(=O)NC)n2)cc1)N1CCOCC1,1
CN(C)CCN(C)C(=O)c1ccc(Nc2ncc(C(F)(F)F)c(NCc3cccnc3N(C)S(C)(=O)=O)n2)cc1,1
CN(c1cccc(CNc2nc(Nc3ccc(OCCOCCOCCC(=O)NCCOc4cccc5c4C(=O)N(C4CCC(=O)NC4=O)C5=O)cc3)ncc2C(F)(F)F)c1)S(C)(=O)=O,1
CN(c1ncccc1CNc1nc(Nc2cccc(C(=O)N3CCCC3CO)c2)ncc1C(F)(F)F)S(C)(=O)=O,1
CN(c1nccnc1CNc1nc(Nc2ccc(C3COC(C)(C)O3)cc2)ncc1C(F)(F)F)S(C)(=O)=O,1
CN(c1cccc(CNc2nc(Nc3ccc(F)c(C(N)=O)c3)ncc2C(F)(F)F)c1)S(C)(=O)=O,1
NC(=O)Cc1ccccc1CCc1nc(Nc2ccc(C3CCCCN3)cc2)ncc1C(F)(F)F,1
CN1CCN(c2ccc(Nc3nc(Oc4cccc5c4C(=O)CC5)c4cc[nH]c4n3)cc2Cl)CC1,1
COc1cc(O)c2c(=O)oc3c(O)c(O)cc(C)c3c2c1,1
C=CC(=O)NCCNc1c(NCc2ccc(Nc3ncc(Cl)c(NCc4cccc(N(C)S(C)(=O)=O)c4)n3)cc2)c(=O)c1=O,1
CN(C)C(=O)c1ccc(Nc2ncc(C(F)(F)F)c(NCc3cccc(S(C)(=O)=O)c3)n2)cc1,1
CN(C)C1CN(C(=O)c2cccc(Nc3ncc(C(F)(F)F)c(NCc4cccnc4N(C)S(C)(=O)=O)n3)c2)C1,1
CN([C@@H]1c2ccccc2C[C@H]1Oc1nc(Nc2ccc3c(c2)OCCOCCOCCO3)ncc1C(F)(F)F)S(C)(=O)=O,1
CN([C@@H]1c2ccccc2C[C@H]1Oc1nc(Nc2ccc3c(c2)OCCOCCOCCO3)ncc1C(F)(F)F)S(C)(=O)=O,1
CN([C@@H]1c2ccccc2C[C@H]1Oc1nc(Nc2ccc3c(c2)OCCOCCOCCO3)ncc1C(F)(F)F)S(C)(=O)=O,1
COc1cc(C(=O)NCC2CCCO2)c(F)cc1Nc1ncc(C(F)(F)F)c(Oc2cccc3c2C(=O)N(C)C3)n1,1
CN(c1ccccc1-c1cc(Cl)c2cnc(Nc3ccc(C4CCN(CC(N)=O)CC4)cc3)nn12)S(C)(=O)=O,1
COc1cc(C(=O)NC2CCC(O)CC2)ccc1Nc1ncc(C(F)(F)F)c(Oc2cccc3c2C(=O)CC3)n1,1
CCN1Cc2cccc(Oc3nc(Nc4ccc(C(=O)NC5CCN(C)CC5)cc4OC)ncc3C(F)(F)F)c2C1=O,1
COc1cc(C(=O)N[C@H]2CCN(C)C[C@H]2F)c(F)cc1Nc1ncc(C(F)(F)F)c(Oc2cccc3c2C(=O)CC3)n1,1
COc1cc(C(=O)N[C@@H]2CCN(C)C[C@H]2F)ccc1Nc1ncc(C(F)(F)F)c(Oc2cccc3c2C(=O)CC3)n1,1
COc1cc(C(=O)N[C@H]2CCN(C)C2)c(Cl)cc1Nc1ncc(C(F)(F)F)c(Oc2cccc3c2C(=O)CC3)n1,1
COc1cc(C(=O)NC2CCN(C)CC2)ccc1Nc1ncc(C(F)(F)F)c(Oc2cccc3c2C(=O)C(C)(C)O3)n1,1
COc1cc(C(=O)NC2CCN(C3CCOCC3)CC2)ccc1Nc1ncc(C(F)(F)F)c(Oc2cccc3c2C(=O)CC3)n1,1
COc1cc(C(=O)NC2CCN(C)CC2)c(Cl)cc1Nc1ncc(C(F)(F)F)c(Oc2ccc(C)c3c2C(=O)CC3)n1,1
COc1cc(C(=O)O)ccc1Nc1ncc(C(F)(F)F)c(Oc2cccc3c2C(=O)CC3)n1,1
NC(=O)Cc1ccccc1CCc1nc(Nc2ccc(N3CCC(N)CC3)cc2)ncc1C(F)(F)F,1
CCOP(=O)(Cc1ccc(Nc2ncc([N+](=O)[O-])c(Nc3ccccc3C(=O)NC)n2)cc1)OCC,1
Cc1cnc(CNc2nc(Nc3cc(C(N)=O)ccc3C)ncc2C(F)(F)F)c(N(C)S(C)(=O)=O)n1,1
CN(c1ncccc1CNc1nc(Nc2cccc(C(=O)NC3CCCC3)c2)ncc1C(F)(F)F)S(C)(=O)=O,1
CP(C)(=O)c1ccccc1Nc1nc(Nc2ccc(C(=O)NC3CCNCC3)c(F)c2)nc2[nH]ccc12,1
NC(=O)Cc1cccnc1CCc1nc(Nc2ccc(C3CCNCC3)cc2)ncc1C(F)(F)F,1
CNC(=O)c1ccccc1Nc1nc(Nc2ccc(CC(=O)N3CCOCC3)cc2)ncc1Cl,1
CCc1cc(C2CCNCC2)ccc1Nc1ncc(C(F)(F)F)c(CCc2ccccc2CC(N)=O)n1,1
CC(NC(=O)c1cccc(Nc2ncc(C(F)(F)F)c(NCc3cccnc3N(C)S(C)(=O)=O)n2)c1)C1CC1,1
COc1cc(C(=O)NC2CCNCC2)ccc1Nc1nc(Nc2ccccc2P(C)(C)=O)c2cc[nH]c2n1,1
CNC(=O)c1ccccc1Nc1nc(Nc2ccc(N3CCOCC3)cc2OC)ncc1Cl,1
CN(c1ncccc1CNc1nc(Nc2cccc(C(=O)NCc3ccccc3)c2)ncc1C(F)(F)F)S(C)(=O)=O,1
CNC(=O)c1ccccc1Nc1nc(Nc2ccc(N3CCOCC3)cc2OC)ncc1Cl,1
CNC(=O)c1ccccc1Nc1nc(Nc2ccc(N3CCOCC3)cc2OC)ncc1Cl,1
CNC(=O)c1ccccc1Nc1nc(Nc2ccc(N3CCOCC3)cc2OC)ncc1Cl,1
CNC(=O)c1ccccc1Nc1nc(Nc2ccc(N3CCOCC3)cc2)ncc1Cl,1
CNC(=O)c1ccccc1Nc1nc(Nc2ccc(N3CCOCC3)cc2OC)ncc1Cl,1
C=CC(=O)NCCNc1c(NCc2ccc(Nc3ncc(Cl)c(NCc4cccnc4N(C)S(C)(=O)=O)n3)cc2)c(=O)c1=O,1
CNC(=O)c1ccccc1Nc1nc(Nc2ccc(N3CCOCC3)cc2OC)ncc1Cl,1
CC(=O)NCC(=O)Nc1cccc(Nc2ncc(C(F)(F)F)c(NCc3cccc(N(C)S(C)(=O)=O)c3)n2)c1,1
CN1CCC(c2ccc(Nc3ncc(C(F)(F)F)c(CCc4ccccc4CC(N)=O)n3)c(F)c2)CC1,1
CNC(=O)c1ccccc1Nc1nc(Nc2ccc(CNc3c(NCCNC(=O)CCl)c(=O)c3=O)cc2)ncc1Cl,1
CN1CCN(c2ccc(Nc3nc(Oc4cccc5c4C(=O)CC5)c4cc[nH]c4n3)cc2F)CC1,1
CCOP(=O)(Cc1ccc(Nc2ncc([N+](=O)[O-])c(Nc3ccccc3C(=O)NC)n2)cc1)N1CCOCC1,1
CC(C)(C)NS(=O)(=O)c1cccc(-c2ccc3cnc(Nc4ccc(C5CCN(CC(N)=O)CC5)cc4)nn23)c1,1
CN1CCC(c2ccc(Nc3ncc(C(F)(F)F)c(CCc4cc(C(N)=O)ccn4)n3)cc2)CC1,1
CNC(=O)c1ccc(Nc2ncc(C(F)(F)F)c(NCc3cccc(Cl)c3)n2)cc1,1
CNC(=O)c1ccc(Nc2ncc(C(F)(F)F)c(NCc3ccccc3OC)n2)cc1,1
CN1Cc2cccnc2N(S(C)(=O)=O)C/C=C/c2cc(ccc2N2CCOCC2)Nc2ncc(C(F)(F)F)c1n2,1
CN(C(=O)c1ccc(Nc2ncc(C(F)(F)F)c(NCc3cccnc3N(C)S(C)(=O)=O)n2)cc1)C1CCCC1,1
CCCC(CO)NC(=O)c1ccc(Nc2ncc(C(F)(F)F)c(NCc3cccnc3N(C)S(C)(=O)=O)n2)cc1,1
CCOc1cc(C(=O)NC2CCNCC2)ccc1Nc1nc(Nc2ccccc2P(C)(C)=O)c2cc[nH]c2n1,1
CNC(=O)c1ccc(Nc2ncc(C(F)(F)F)c(NCc3ccccc3F)n2)cc1,1
CNC(=O)c1ccccc1Nc1nc(Nc2ccc(N3CCOCC3)cc2OC)ncc1Cl,1
C=C/C(=C\C(=C)C(N)=O)Nc1ncc(C(F)(F)F)c(NC/C=C/C=C\N=C\N(C)S(C)(=O)=O)n1,1
CN(c1ncccc1CNc1nc(Nc2cccc(C(=O)N3CCC(F)(F)C3)c2)ncc1C(F)(F)F)S(C)(=O)=O,1
COc1cc(C(=O)NC[C@@H]2CCCO2)c(F)cc1Nc1ncc(C(F)(F)F)c(Oc2cccc3c2C(=O)N(C)C3)n1,1
COc1cc(C(=O)N[C@@H]2CCN(C)C2)c(Cl)cc1Nc1ncc(C(F)(F)F)c(Oc2ccc(C)c3c2C(=O)CC3)n1,1
COc1cc(C(=O)NC2CCN(C)CC2)ccc1Nc1ncc(C(F)(F)F)c(Oc2ccccc2C#N)n1,1
Cc1cc(C(=O)NC2CCC(F)(F)CC2)ccc1Nc1ncc(C(F)(F)F)c(Oc2cccc3c2C(=O)N(C)C3)n1,1
COc1cc(C(=O)NC2CCN(C)CC2)ccc1Nc1ncc(C(F)(F)F)c(Oc2c(Cl)cccc2NS(C)(=O)=O)n1,1
NC(=O)Cc1ccccc1CCc1nc(Nc2ccc(C3CCCCN3)cc2)ncc1C(F)(F)F,1
CN(c1ncccc1CNc1nc(Nc2cccc(C(=O)N3CCC[C@H](O)C3)c2)ncc1C(F)(F)F)S(C)(=O)=O,1
CCOP(=O)(CCCOc1ccc(Nc2ncc([N+](=O)[O-])c(Nc3ccccc3C(=O)NC)n2)cc1)OCC,1
CNC(=O)c1ccccc1Nc1nc(Nc2ccc(N3CCOCC3)cc2OC)ncc1Cl,1
CN1CCC(c2ccc(Nc3ncc(C(F)(F)F)c(CCc4ncccc4CC(N)=O)n3)cc2)CC1,1
CN(c1ncccc1CNc1nc(Nc2cc(C(N)=O)ccc2F)ncc1C(F)(F)F)S(C)(=O)=O,1
CNC(=O)c1ccc(Nc2ncc(C(F)(F)F)c(NCc3ccccc3Br)n2)cc1,1
CC(C(N)=O)c1ccccc1CCc1nc(Nc2ccc(C3CCNCC3)cc2)ncc1C(F)(F)F,1
CNC(=O)c1ccccc1Nc1nc(Nc2ccc(N3CCOCC3)cc2OC)ncc1Cl,1
CNC(=O)c1ccccc1Nc1nc(Nc2ccc(N3CCOCC3)cc2OC)ncc1Cl,1
Cc1cc(Nc2nc(Oc3cccc4c3C(=O)CC4)c3cc[nH]c3n2)ccc1N1CCN(C2COC2)CC1,1
Cc1ncsc1-c1ccc(CNC(=O)[C@@H]2C[C@@H](O)CN2C(=O)[C@@H](NC(=O)CCOCCOc2ccc(Nc3ncc(C(F)(F)F)c(NCc4cccc(N(C)S(C)(=O)=O)c4)n3)cc2)C(C)(C)C)cc1,1
Cc1ncsc1-c1ccc(CNC(=O)[C@@H]2C[C@@H](O)CN2C(=O)[C@@H](NC(=O)CCOCCOc2ccc(Nc3ncc(C(F)(F)F)c(NCc4cccc(N(C)S(C)(=O)=O)c4)n3)cc2)C(C)(C)C)cc1,1
COc1c(Nc2ncc(Cl)c(N[C@H]3[C@@H](C(N)=O)[C@@H]4C=C[C@H]3C4)n2)ccc2c1CCC[C@@H](N1CCN(C)CC1)C2,1
CC1COCCN1C(=O)c1ccc(Nc2ncc(C(F)(F)F)c(NCc3cccnc3N(C)S(C)(=O)=O)n2)cc1,1
COc1cc(C(=O)NC2CCNCC2)ccc1Nc1ncc(Cl)c(Nc2ccccc2P(C)(C)=O)n1,1
CNC(=O)c1ccccc1Nc1nc(Nc2ccc(N3CCOCC3)cc2OC)ncc1Cl,1
CNC(=O)c1ccccc1Nc1nc(Nc2ccc(N3CCOCC3)cc2OC)ncc1Cl,1
CNC(=O)c1ccccc1Nc1nc(Nc2ccc(N3CCOCC3)cc2OC)ncc1Cl,1
CP(C)(=O)c1ccccc1Nc1nc(Nc2ccc(C(=O)NC3CCNCC3)cc2)nc2[nH]ccc12,1
C=CC(=O)NCCNc1c(NCc2ccc(Nc3ncc(C(F)(F)F)c(Nc4ccccc4C(=O)NC)n3)cc2)c(=O)c1=O,1
CCN(CCOC)C(=O)c1cccc(Nc2ncc(C(F)(F)F)c(NCc3cccnc3N(C)S(C)(=O)=O)n2)c1,1
CNC(=O)c1ccccc1Nc1nc(Nc2ccc(N3CCOCC3)cc2OC)ncc1Cl,1
C[C@H]1CNC(=O)c2cnn3ccc(nc23)N[C@H](C)c2cc(F)ccc2O1,1
COc1cc(Nc2ncc3scc(-c4cccc(NS(C)(=O)=O)c4)c3n2)cc(OC)c1OC,1
CCN1CCN(c2ccc(Nc3ncc4scc(-c5cccc(NS(C)(=O)=O)c5)c4n3)cc2)CC1,1
COc1c(Nc2ncc(Cl)c(Nc3ccccc3-n3cccn3)n2)ccc2c1CCCC(N1CCN(CCO)CC1)C2,1
COc1cc(C(=O)N[C@@H]2CCN(C)C[C@H]2F)c(F)cc1Nc1ncc(C(F)(F)F)c(Oc2cccc3c2C(=O)CC3)n1,1
CNC(=O)c1ccccc1Nc1nc(Nc2ccc(N3CCOCC3)cc2OC)ncc1Cl,1
CNC(=O)c1ccccc1Nc1nc(Nc2ccc(N3CCOCC3)cc2OC)ncc1Cl,1
COc1cc(C(=O)NC2CCN(C)CC2)c(F)cc1Nc1ncc(C(F)(F)F)c(Oc2cccc3c2C(=O)C(C)(C)O3)n1,1
CN1CCCCC1c1ccc(Nc2ncc(C(F)(F)F)c(CCc3ccccc3CC(N)=O)n2)cc1,1
COc1cc(C(=O)NC2CCOCC2)ccc1Nc1ncc(C(F)(F)F)c(Oc2cccc3c2C(=O)CC3)n1,1
COc1cc(C(=O)NC2CCN(C)CC2)c(F)cc1Nc1ncc(C(F)(F)F)c(Oc2ccccc2C#N)n1,1
CNC(=O)c1ccccc1Nc1nc(Nc2ccc(N3CCOCC3)cc2OC)ncc1Cl,1
CN1CCC(c2ccc(Nc3ncc(C(F)(F)F)c(CCc4ncncc4CC(N)=O)n3)cc2)CC1,1
COc1cc(C2CCNCC2)ccc1Nc1ncc(C(F)(F)F)c(CCc2ccccc2CC(N)=O)n1,1
Cc1cc(N2CCN(C)CC2)ccc1Nc1nc(Oc2cccc3c2C(=O)CC3)c2cc[nH]c2n1,1
CN1CCC(c2ccc(Nc3ncc(C(F)(F)F)c(CCc4nccnc4CC(N)=O)n3)cc2)CC1,1
COc1cc(C2CCNCC2)ccc1Nc1ncc(C(F)(F)F)c(CCc2cccc(C(N)=O)c2)n1,1
CNC(=O)c1ccccc1Nc1nc(Nc2ccc(OCC(=O)N3CCOCC3)cc2)ncc1Cl,1
O=C1C[C@H](O)[C@@H]2c3c(ccc(O)c31)-c1ccc(O)c3c1[C@@]2(O)CCC3=O,1
CS(=O)(=O)c1cccc(CNc2nc(Nc3ccc(C#N)c(O)c3)ncc2C(F)(F)F)c1,1
CN(c1nccnc1CNc1nc(Nc2cc(C(N)=O)ccc2F)ncc1C(F)(F)F)S(C)(=O)=O,1
CCOC(=O)C1CCN(c2ccc(Nc3ncc(Cl)c(Nc4ccccc4S(=O)(=O)C(C)C)n3)cc2)CC1,1
NC(=O)Cc1ccccc1CCc1nc(Nc2ccc(C3CCNC3)cc2)ncc1C(F)(F)F,1
Cc1ccc(CCc2nc(Nc3ccc(N4CCNCC4)cc3)ncc2C(F)(F)F)cc1C(N)=O,1
CN(c1ncccc1CNc1nc(Nc2cccc(C(=O)N3CCCCC3)c2)ncc1C(F)(F)F)S(C)(=O)=O,1
CCc1cc(C(=O)NC2CCN(C(C)C)CC2)ccc1Nc1ncc(C(F)(F)F)c(Oc2cccc3c2C(=O)CC3)n1,1
COC(=O)c1ccccc1Oc1nc(Nc2ccc(C(=O)NC3CCN(C)CC3)cc2OC)ncc1C(F)(F)F,1
CS(=O)(=O)Nc1cccc(-c2csc3cnc(Nc4ccc(N5CCOCC5)cc4)nc23)c1,1
COc1cc(C(=O)NC2CCN(C)CC2)ccc1Nc1ncc(C(F)(F)F)c(Oc2cccc(Cl)c2C#N)n1,1
COc1cc(C(=O)NC2CCC(F)(F)CC2)ccc1Nc1ncc(C(F)(F)F)c(Oc2cccc3c2C(=O)N(C)C3)n1,1
Cc1cnccc1Nc1ncc(C(F)(F)F)c(NCc2cccnc2N(C)S(C)(=O)=O)n1,1
CN(c1cccc(CNc2nc(Nc3ccc(C(N)=O)nc3)ncc2C(F)(F)F)c1)S(C)(=O)=O,1
CNC(=O)c1ccccc1Nc1nc(Nc2ccc(N3CCOCC3)cc2OC)ncc1Cl,1
CONC(=O)c1ccccc1Nc1cc(Nc2cc(C)nn2C(C)C)ncc1Cl,1
COc1c(Nc2ncc(Cl)c(N[C@H]3[C@@H](C(N)=O)[C@@H]4C=C[C@H]3C4)n2)ccc2c1CCC[C@H](N1CCN(C)CC1)C2,1
CNC(=O)c1ccccc1Nc1nc(Nc2ccc(C(=O)N3CCN(C(=S)SCCN(C)C)CC3)cc2)ncc1Cl,1
CN1Cc2ccccc2N(S(C)(=O)=O)CCCCC(=O)N2CCc3cc(ccc32)Nc2ncc(C(F)(F)F)c1n2,1
CCCN(CCO)C(=O)c1ccc(Nc2ncc(C(F)(F)F)c(NCc3cccnc3N(C)S(C)(=O)=O)n2)cc1,1
CP(C)(=O)c1ccccc1Nc1nc(Nc2ccc(C(=O)NC3CCNCC3)cc2)ncc1Cl,1
CN(c1ncccc1CNc1nc(Nc2cccc(C(=O)NC3CCNCC3)c2)ncc1C(F)(F)F)S(C)(=O)=O,1
COc1cc(O)c2c(=O)oc3cc(O)cc(C)c3c2c1,1
CN(c1ncccc1CNc1nc(Nc2ccc(C(N)=O)cn2)ncc1C(F)(F)F)S(C)(=O)=O,1
CS(=O)(=O)c1cccc(CNc2nc(Nc3ccc4c(c3)CC(=O)N4)ncc2C(F)(F)F)c1,1
CCc1cc(C(=O)NC)ccc1Nc1ncc(C(F)(F)F)c(Oc2cccc3c2C(=O)CC3)n1,1
CCc1cc(C(=O)NC2CCN(C)CC2)ccc1Nc1ncc(C(F)(F)F)c(Oc2cccc3c2C(=O)CC3)n1,1
COc1cc(C(=O)NC2CCN(C)CC2)ccc1Nc1ncc(C(F)(F)F)c(Oc2cccc3c2C(=O)N(C)CCO3)n1,1
COc1cc(C(=O)N[C@H]2CCN(C)C[C@@H]2F)c(F)cc1Nc1ncc(C(F)(F)F)c(Oc2cccc3c2C(=O)CC3)n1,1
CCc1cc(C(=O)NC2CCCN(C)C2)ccc1Nc1ncc(C(F)(F)F)c(Oc2cccc3c2C(=O)CC3)n1,1
O=C1Cc2c(ccc(Nc3ncc(C(F)(F)F)c(Oc4cccc5c4C(=O)CC5)n3)c2F)N1,1
COc1cc(C(=O)NC2CCN(C)CC2)c(F)cc1Nc1ncc(C(F)(F)F)c(Oc2cccc(C)c2C#N)n1,1
COc1nc(N2CCN(C)CC2)ccc1Nc1nc(Oc2cccc3c2C(=O)CC3)c2cc[nH]c2n1,1
CP(C)(=O)c1ccccc1Nc1nc(Nc2ccc(C(=O)N[C@H]3CCCNC3)cc2)nc2[nH]ccc12,1
CN[C@@H]1C[C@H]2O[C@@](C)([C@@H]1OC)n1c3ccccc3c3c4c(c5c6ccccc6n2c5c31)C(=O)NC4,1
COCCCN(C)C(=O)c1cccc(Nc2ncc(C(F)(F)F)c(NCc3cccnc3N(C)S(C)(=O)=O)n2)c1,1
CCS(=O)(=O)N1CCCCC(=O)N2CCc3cc(ccc32)Nc2ncc(C(F)(F)F)c(n2)NCc2ccccc21,1
CP(C)(=O)c1ccccc1Nc1nc(Nc2ccc(N3CCNCC3)cc2)nc2[nH]ccc12,1
COc1c(Nc2ncc(Cl)c(Nc3ccccc3NS(C)(=O)=O)n2)ccc2c1CCCC(N1CCN(CCO)CC1)C2,1
CN(c1ncccc1CNc1nc(Nc2ccc(C(=O)NCc3ccccn3)cc2)ncc1C(F)(F)F)S(C)(=O)=O,1
COc1cc(C(=O)NC2CCNCC2)c(F)cc1Nc1nc(Nc2ccccc2P(C)(C)=O)c2cc[nH]c2n1,1
CCN1CCC(c2ccc(Nc3ncc(C(F)(F)F)c(Cc4ccccc4C(N)=O)n3)c(OC)c2)CC1,1
COc1cc(N2C[C@@H]3C[C@H]2CO3)ccc1Nc1nc(Oc2cccc3c2C(=O)CC3)c2cc[nH]c2n1,1
CP(C)(=O)c1ccccc1Nc1nc(Nc2ccc(C(=O)NC3CCC(O)CC3)cc2)ncc1Cl,1
CN1CCCC(c2ccc(Nc3ncc(C(F)(F)F)c(CCc4ccccc4CC(N)=O)n3)cc2)C1,1
CN(c1cccc(CNc2nc(Nc3ccc(OCCOCCOCCOCCOCCC(=O)NCCOc4cccc5c4C(=O)N(C4CCC(=O)NC4=O)C5=O)cc3)ncc2C(F)(F)F)c1)S(C)(=O)=O,1
CCN1CCN(c2ccc(Nc3ncc4scc(-c5cccc(NS(C)(=O)=O)c5)c4n3)cc2)CC1,1
CC1CCCN1C(=O)c1cccc(Nc2ncc(C(F)(F)F)c(NCc3cccnc3N(C)S(C)(=O)=O)n2)c1,1
COc1cc(O)c2c(c1)C(=O)c1cc(C)c(O)cc1C2=O,1
COc1cc(C(=O)NC2CCN(C)CC2)ccc1Nc1ncc(C(F)(F)F)c(Oc2ccccc2N(C)S(C)(=O)=O)n1,1
COc1cc(O)c2c(c1)C(=O)c1cc(C)c(O)c(O)c1C2=O,1
O=C1Cc2c(ccc(Nc3ncc(C(F)(F)F)c(Oc4cccc5c4C(=O)OC5)n3)c2F)N1,1
COc1cc(O)c(C(=O)O)c(C2=C(C)C[C@@H](O)C2=O)c1,1
CN1CCc2cc(Nc3ncc(C(F)(F)F)c(CCc4ccccc4CC(N)=O)n3)ccc2C1,1
COc1cc(O)c2c(c1)-c1cc(O)c(O)cc1COC2=O,1
Cc1cc(O)c(O)cc1-c1cc(O)cc(O)c1C(=O)O,1
CC(C)Nc1ccc(Oc2cc(O)cc(O)c2-c2cc(C(=O)NC3CCN(C)CC3)no2)cc1,1
CN1CCC(NC(=O)c2cc(-c3c(O)cc(O)cc3Oc3ccc(N(C)C)cc3)on2)CC1,1
CCc1cc(C(=O)NC2CCN(CC)CC2)ccc1Nc1ncc(C(F)(F)F)c(Oc2cccc3c2C(=O)CC3)n1,1
CN(C)c1ccc(Oc2cc(O)cc(O)c2-c2cc(C(=O)NC3CCN(C4CCC5(CC4)OCCO5)CC3)no2)cc1,1
COc1cc(C(=O)NC2CCN(C)CC2)ccc1Nc1ncc(C(F)(F)F)c(Oc2ccc(Cl)cc2NS(C)(=O)=O)n1,1
COc1cc(O)c(C(=O)O)c(-c2cc(O)c(O)cc2C)c1,1
COc1cc(O)c2c(c1)C1(OC2=O)C(C)=CC(=O)C1O,1
COc1cc(C(=O)NC(C)(C)C)ccc1Nc1ncc(C(F)(F)F)c(Oc2cccc3c2C(=O)CC3)n1,1
COc1cc(C(=O)NC2CCN(C)CC2)ccc1Nc1ncc(C(F)(F)F)c(Oc2ccc(Cl)c3c2C(=O)CC3C)n1,1
COc1cc(C(=O)NC2CCN(C)CC2)c(F)cc1Nc1ncc(C(F)(F)F)c(Oc2cccc3c2C(=O)N(C)CCO3)n1,1
CCN1CCN(c2ccc(Nc3ncc4scc(-c5ccccc5)c4n3)cc2)CC1,1
NC(=O)Cc1ccccc1CCc1nc(Nc2ccc(N3CCNCC3)cc2)ncc1C(F)(F)F,1
Brc1ccc(-c2nnc(Cn3nnc4ccccc43)o2)cc1,0
Brc1ccc(Cc2nnc(Cn3nnc4ccccc43)o2)cc1,0
Brc1ccc(CSc2nnc(Cn3nnc4ccccc43)o2)cc1,0
Brc1cccc(-c2nnc(Cn3nnc4ccccc43)o2)c1,0
Brc1cccc(Cc2nnc(Cn3nnc4ccccc43)o2)c1,0
Brc1cccc(CSc2nnc(-c3ccncc3)n2-c2ccccc2)c1,0
Brc1cccc(CSc2nnc(Cn3nnc4ccccc43)o2)c1,0
Brc1ccccc1CSc1nnc(Cn2nnc3ccccc32)o1,0
Brc1ccccc1Nc1ncc2ccn(-c3ccccn3)c2n1,0
C#Cc1cccc(Nc2ncnc3cc(OCCOC)c(OCCOC)cc23)c1,0
C#Cc1csc2c(N[C@H](C)c3ccccc3)nc(NC[C@H](C)O)nc12,0
C#Cc1csc2c(NCc3ccccc3)nc(NC[C@H](C)O)nc12,0
C[C@@H](O)CN1CCN(c2cccc(Nc3nc4c(-c5ccc(S(C)(=O)=O)cc5)cccn4n3)c2)CC1,0
C[C@@H]1C[C@H](N)C[C@H](c2ccncc2NC(=O)c2ccc(F)c(-c3c(F)cccc3F)n2)C1,0
C[C@@H]1C[C@H]1C(=O)N1CCN(c2cnc(C#N)c(-c3cnn(C)c3)n2)C[C@H]1C,0
C[C@@H]1CCN(C(=O)CC#N)C[C@@H]1n1ccc2cnc3[nH]cc(C#N)c3c21,0
C[C@@H]1CCN(C(=O)CC#N)C[C@@H]1n1ccc2cnc3[nH]ccc3c21,0
C[C@]1(O)C[C@@H](c2nc(-c3ccc4ccc(-c5ccccc5)nc4c3)c3c(N)nccn32)C1,0
C=C(CC[C@@H](C)[C@H]1CC[C@H]2[C@H](CCc3cc(O)ccc3C)[C@H](O)CC[C@]12C)C(C)C,0
C=C(CC[C@@H](C)[C@H]1CC[C@H]2[C@H](CCc3cc(O)ccc3C)C(=O)CC[C@]12C)C(C)C,0
C=CC(=O)N1CCC[C@@H](Nc2nc(Nc3ccc4c(c3)OCCOCCOCCO4)nc3[nH]cnc23)C1,0
C=CC(=O)N1CCC[C@@H](Nc2nc(Nc3ccc4c(c3)OCCOCCOCCO4)ncc2F)C1,0
C=CC(=O)Nc1cccc(-c2nc(Nc3ccc4c(c3)OCCOCCOCCO4)ncc2F)c1,0
C=CC(=O)Nc1cccc(-c2nc(Nc3ccc4c(c3)OCCOCCOCCO4)ncc2F)c1,0
C=CC(=O)Nc1cccc(-c2nc(Nc3ccc4c(c3)OCCOCCOCCO4)ncc2F)c1,0
C=CC(=O)Nc1cccc(Nc2nc(Nc3ccc4c(c3)OCCOCCOCCO4)ncc2F)c1,0
C=CC(=O)NCc1coc(-c2c(N)ncnc2Nc2ccc(OCc3ccccn3)c(Cl)c2)n1,0
C=Cc1csc2c(N[C@H](C)c3ccccc3)nc(NCCN3CCOCC3)nc12,0
C=Cc1csc2c(NCc3ccccc3)nc(NCCN3CCOCC3)nc12,0
C=Cc1nc(NC(=O)Nc2ccc(N3CCNCC3)cc2)nn1C(=C)c1ccc(S(C)(=O)=O)cc1,0
C=CCN(c1cnccc1CN(C)c1nc(Nc2ccc(N3CCOCC3)c(Br)c2)ncc1C(F)(F)F)S(C)(=O)=O,0
C=CCn1c(SCC(=O)Nc2ccc(C(=O)O)cc2)nnc1-c1ccncc1,0
C=CCn1c(SCc2ccc(C(=O)Nc3ccccc3N)cc2)nnc1-c1ccncc1,0
C=CCn1c(SCc2ccc(C(=O)NO)cc2)nnc1-c1ccncc1,0
C=CCn1c(SCCCCCC(=O)Nc2ccccc2N)nnc1-c1ccncc1,0
C=CCn1c(SCCCCCC(=O)NO)nnc1-c1ccncc1,0
C=CCn1c(SCCCCCC(=O)O)nnc1-c1ccncc1,0
C=COC(=O)NCc1ccc(Nc2nc(Nc3ccccc3C(=O)OC)nc3nccn23)cc1,0
c1cc(-c2ccncc2)c2nc(Nc3ccc(N4CCOCC4)cc3)nn2c1,0
c1ccc(-c2cccc3nc(Nc4ccc(OCCN5CCCC5)cc4)nn23)cc1,0
c1ccc(-c2cccn3nc(Nc4ccc5c(c4)CCNCC5)nc23)c(OCC2CC2)c1,0
c1ccc(Cc2nnc(Cn3nnc4ccccc43)o2)cc1,0
c1ccc(CNc2ncc3ccn(-c4ccccn4)c3n2)cc1,0
c1ccc(-n2ccc3cnc(N4CCOCC4)nc32)nc1,0
c1ccc(-n2ccc3cnc(Nc4ccc5c(c4)OCO5)nc32)nc1,0
c1ccc(-n2ccc3cnc(Nc4ccc5cc[nH]c5c4)nc32)nc1,0
c1ccc2c(c1)CCCN2c1nc2cccc(N3CCCc4ccccc43)n2n1,0
c1cncc(-c2cccn3nc(Nc4ccc(N5CCOCC5)cc4)nc23)c1,0
c1cncc(CNc2cccn3nc(Nc4ccc(OCCN5CCCC5)cc4)nc23)c1,0
c1cncc(CNc2cccn3nc(NCCN4CCOCC4)nc23)c1,0
CC(=O)N1CC[C@@H](Nc2ncc(C(F)(F)F)c(NCc3cccnc3N(C)S(C)(=O)=O)n2)C1,0
CC(=O)N1CCC(Nc2ncc3c(n2)-c2c(c(C(N)=O)nn2C)CC3)CC1,0
CC(=O)Nc1ccc(Sc2cccn3nc(Nc4ccc(C5CCN(C(=O)OC(C)(C)C)CC5)cc4)nc23)cc1,0
CC(=O)Nc1ccc2ncnc(Nc3ccc(OCc4ccccn4)c(Cl)c3)c2c1,0
CC(=O)Nc1cccc(Nc2nc3c(-c4ccc(S(C)(=O)=O)cc4)cccn3n2)c1,0
CC(C)(C(=O)NCCn1ccc2ncnc(Nc3ccc(Oc4cccc(Cl)c4)c(Cl)c3)c21)S(C)(=O)=O.Cc1ccc(S(=O)(=O)O)cc1,0
CC(C)(C)c1cnc(CSc2cnc(NC(=O)C3CCNCC3)s2)o1,0
CC(C)(C)CNC(=O)CC1CNC(=O)c2cc(-c3ccsc3)cn21,0
CC(C)(C)NS(=O)(=O)c1cccc(-c2ccc3cnc(Nc4ccc(C5CCN(CC(N)=O)CC5)cc4)nn23)c1,0
CC(C)(C)OC(=O)N1CC[C@@H](c2cccc(Nc3nc4c(-c5ccc(S(C)(=O)=O)cc5)cccn4n3)c2)[C@@H](O)C1,0
CC(C)(C)OC(=O)N1CCC(c2ccc(Nc3nc4c(-c5ccc(C#N)cc5)cccn4n3)cc2)CC1,0
CC(C)(C)OC(=O)N1CCC(c2ccc(Nc3nc4c(-c5ccc(F)cc5)cccn4n3)cc2)CC1,0
CC(C)(C)OC(=O)N1CCC(c2ccc(Nc3nc4c(-c5cnn(-c6ccc(F)cc6)c5)cccn4n3)cc2)CC1,0
CC(C)(C)OC(=O)N1CCC(c2cccc(Nc3nc4c(-c5ccc(S(C)(=O)=O)cc5)cccn4n3)c2)CC1,0
CC(C)(C)OC(=O)N1CCC(n2cc(Nc3nc4c(-c5ccc(S(C)(=O)=O)cc5)cccn4n3)cn2)CC1,0
CC(C)(C)OC(=O)N1CCc2ccc(Nc3nc4c(-c5cc(C(F)(F)F)ccc5F)cccn4n3)cc2CC1,0
CC(C)(C)OC(=O)N1CCc2ccc(Nc3nc4c(-c5cccc6c5OC(F)(F)O6)cccn4n3)cc2CC1,0
CC(C)(C)OC(=O)N1CCN(c2cccc(Nc3nc4c(-c5ccc(S(C)(=O)=O)cc5)cccn4n3)c2)CC1,0
CC(C)(N)C(=O)NCCn1ccc2ncnc(Nc3ccc(Oc4cccc5sncc45)c(Cl)c3)c21,0
CC(C)(O)CN1CCN(c2cccc(Nc3nc4c(-c5ccc(S(C)(=O)=O)cc5)cccn4n3)c2)CC1,0
CC(C)c1ccccc1Nc1ncc2ccn(-c3ccccn3)c2n1,0
CC(C)COc1ccc(C(F)(F)F)cc1-c1cccn2nc(Nc3ccc4c(c3)CCN(CC(=O)N(C)C)CC4)nc12,0
CC(C)COc1ccc(C(F)(F)F)cc1-c1cccn2nc(Nc3ccc4c(c3)CCNCC4)nc12,0
CC(C)COc1cccc(-c2cccn3nc(Nc4ccc5c(c4)CCNCC5)nc23)c1,0
CC(C)COc1ccccc1-c1cccn2nc(Nc3ccc4c(c3)CCNCC4)nc12,0
CC(C)n1c2c(c3c1-c1ccccc1C3=O)C(=O)CCC2,0
CC(C)n1cc(C(=O)Nc2ccc(Oc3ccnc(NC(=O)C4CC4)c3)c(F)c2)c(=O)n(-c2ccc(F)cc2)c1=O,0
CC(C)NC(=O)c1ccccc1Nc1ncnc(Nc2ccc(CN)cc2)n1,0
CC(C)NS(=O)(=O)c1ccccc1Nc1nc(Nc2ccc(C(F)(F)F)cc2)nc2c1CCN2,0
CC(C)Oc1ccc(C(F)(F)F)cc1-c1cccn2nc(Nc3ccc4c(c3)CCN(CC(=O)N(C)C)CC4)nc12,0
CC[C@@H]1CN(C(=O)NCC(F)(F)F)C[C@@H]1c1cnc2cnc3[nH]ccc3n12,0
CC[C@@H]1CN(C(=O)NCC(F)(F)F)C[C@@H]1c1cnc2cnc3[nH]ccc3n12,0
CC[S+]([O-])(=NC)c1ccc(Nc2ncc(C(F)(F)F)c(N[C@@H]3CCC[C@H]3N(C)C)n2)cc1,0
CC1(C)OCC(=O)Nc2cc(Nc3nc(NCC(F)(F)F)c4occc4n3)ccc21,0
Cc1[nH]nc2c1N=C(c1ccccc1Cl)c1cc([N+](=O)[O-])ccc1N2,0
CC1=CCC[C@H]2[C@](C)(CC3=C(O)C(=O)C=C(NCCC(C)C)C3=O)[C@@H](C)CC[C@@]12C,0
Cc1c(O)c(O)c(O)c2c1COC2=O,0
Cc1c(O)c(O)cc2oc3cc(O)cc(O)c3c(=O)c12,0
Cc1cc([C@@H](C)Nc2ccccc2C(=O)O)c2nc(N3CCOCC3)cc(=O)n2c1,0
Cc1cc([C@@H](C)Nc2ccccc2C(=O)O)c2nc(N3CCOCC3)cc(=O)n2c1,0
Cc1cc(C(=O)Nc2cc(Oc3ccc4nc(NC(=O)C5CC5)nn4c3)ccc2F)n(C)n1,0
Cc1cc(-c2cc3c(NCc4cccnc4N(C)S(C)(=O)=O)c(C#N)cnc3[nH]2)ccn1,0
Cc1cc(-c2ccccc2N(C)S(C)(=O)=O)n2nc(Nc3ccc(C4CCN(CC(N)=O)CC4)cc3)ncc12,0
Cc1cc(I)ccc1Nc1ncc2ccn(-c3ccccn3)c2n1,0
Cc1cc(O)cc2oc3cc(O)cc(O)c3c(=O)c12,0
Cc1cc2c(NCc3cccnc3N(C)S(C)(=O)=O)nc(Nc3ccc4c(c3)CC(=O)N4)nc2[nH]1,0
Cc1ccc(/C=C\c2ncc([N+](=O)[O-])n2CCOC(=O)c2cccc3c2OCCO3)cc1,0
Cc1ccc([N+](=O)[O-])cc1Nc1ncc2ccn(-c3ccccn3)c2n1,0
Cc1ccc(Br)cc1Nc1ncc2ccn(-c3ccccn3)c2n1,0
Cc1ccc(C2=NN(C(N)=S)C(c3ccc4ccccc4c3)C2)cc1,0
Cc1ccc(C2=NN(c3ccccc3)C(c3ccc4ccccc4c3)C2)cc1,0
Cc1ccc(-c2cccn3nc(Nc4ccc5c(c4)CCNCC5)nc23)c(OCC(C)C)c1,0
Cc1ccc(-c2nn(-c3ccccc3)cc2C(=O)NOCc2ccccc2F)cc1,0
Cc1ccc(CO)cc1Nc1ncc2ccn(-c3ccccn3)c2n1,0
Cc1ccc(CSc2nnc(Cn3nnc4ccccc43)o2)cc1,0
Cc1ccc(I)cc1Nc1ncc2ccn(-c3ccccn3)c2n1,0
Cc1ccc(N(Cc2cc(Br)ccc2O)C(=O)Nc2ccccc2)c(F)c1,0
Cc1ccc(-n2cc(-c3cccn4nc(Nc5ccc(C6CCN(C(=O)OC(C)(C)C)CC6)cc5)nc34)cn2)cc1,0
Cc1ccc(-n2cc(-c3cccn4nc(Nc5ccc(C6CCNCC6)cc5)nc34)cn2)cc1,0
Cc1ccc(-n2nc(C(C)(C)C)cc2NC(=O)Nc2cc(COc3cccnc3)n[nH]2)cc1,0
Cc1ccc(-n2nc(C(C)(C)C)cc2NC(=O)Nc2ccc(-c3ccc(N)nc3)cc2)cc1,0
Cc1ccc(-n2nc(C(C)(C)C)cc2NC(=O)Nc2ccc(-c3ccc(N)nc3)cc2)cc1,0
Cc1ccc(-n2nc(C(C)(C)C)cc2NC(=O)Nc2ccc(-c3ccc(OCc4ccccc4)nc3)cc2)cc1,0
Cc1ccc(-n2nc(C(C)(C)C)cc2NC(=O)Nc2ccc(-c3ccc(OCc4ccccc4)nc3)cc2)cc1,0
Cc1ccc(-n2nc(C(C)(C)C)cc2NC(=O)Nc2ccc(-c3cccnc3)cc2)cc1,0
Cc1ccc(-n2nc(C(C)(C)C)cc2NC(=O)Nc2ccc(-c3cccnc3)cc2)cc1,0
Cc1ccc(-n2nc(C(C)(C)C)cc2NC(=O)Nc2ccc(-c3ccncc3)cc2)cc1,0
Cc1ccc(-n2nc(C(C)(C)C)cc2NC(=O)Nc2ccc(-c3ccncc3)cc2)cc1,0
Cc1ccc(-n2nc(C(C)(C)C)cc2NC(=O)Nc2ccc(-c3cnco3)cc2)cc1,0
Cc1ccc(-n2nc(C(C)(C)C)cc2NC(=O)Nc2ccc(-c3cnco3)cc2)cc1,0
Cc1ccc(-n2nc(C(C)(C)C)cc2NC(=O)Nc2ccc(-c3csnn3)cc2)cc1,0
Cc1ccc(-n2nc(C(C)(C)C)cc2NC(=O)Nc2ccc(-c3csnn3)cc2)cc1,0
Cc1ccc(-n2nc(C(C)(C)C)cc2NC(=O)Nc2ccc(-c3nnc(S)n3C)cc2)cc1,0
Cc1ccc(-n2nc(C(C)(C)C)cc2NC(=O)Nc2ccc(-c3nnc(S)n3C)cc2)cc1,0
Cc1ccc(-n2nc(C(C)(C)C)cc2NC(=O)Nc2ccc(-c3nncn3C)cc2)cc1,0
Cc1ccc(-n2nc(C(C)(C)C)cc2NC(=O)Nc2ccc(-c3nncn3C)cc2)cc1,0
Cc1ccc(-n2nc(C(C)(C)C)cc2NC(=O)Nc2ccc(-n3ccnc3)cc2)cc1,0
Cc1ccc(-n2nc(C(C)(C)C)cc2NC(=O)Nc2ccc(-n3ccnc3)cc2)cc1,0
Cc1ccc(-n2nc(C(C)(C)C)cc2NC(=O)Nc2ccc(-n3cnc(C)c3)cc2)cc1,0
Cc1ccc(-n2nc(C(C)(C)C)cc2NC(=O)Nc2ccc(-n3cnc(C)c3)cc2)cc1,0
Cc1ccc(-n2nc(C(C)(C)C)cc2NC(=O)Nc2ccc(-n3cnc(Cl)c3Cl)cc2)cc1,0
Cc1ccc(-n2nc(C(C)(C)C)cc2NC(=O)Nc2ccc(-n3cnc(Cl)c3Cl)cc2)cc1,0
Cc1ccc(-n2nc(C(C)(C)C)cc2NC(=O)Nc2ccc(-n3cncc3C)cc2)cc1,0
Cc1ccc(-n2nc(C(C)(C)C)cc2NC(=O)Nc2ccc(-n3cncc3C)cc2)cc1,0
Cc1ccc(-n2nc(C(C)(C)C)cc2NC(=O)Nc2ccc(-n3cnnc3)cc2)cc1,0
Cc1ccc(-n2nc(C(C)(C)C)cc2NC(=O)Nc2ccc(-n3cnnc3)cc2)cc1,0
Cc1ccc(-n2nc(C(C)(C)C)cc2NC(=O)Nc2ccc(-n3cnnn3)cc2)cc1,0
Cc1ccc(-n2nc(C(C)(C)C)cc2NC(=O)Nc2ccc(-n3cnnn3)cc2)cc1,0
Cc1ccc(-n2nc(C(C)(C)C)cc2NC(=O)Nc2ccc(-n3nnnc3C)cc2)cc1,0
Cc1ccc(-n2nc(C(C)(C)C)cc2NC(=O)Nc2ccc(-n3nnnc3C)cc2)cc1,0
Cc1ccc(-n2nc(C(C)(C)C)cc2NC(=O)Nc2cccc3cc(C(=O)N(C)CCc4ccccn4)[nH]c23)cc1,0
Cc1ccc(-n2nc(C(C)(C)C)cc2NC(=O)Nc2cccc3cc(C(=O)NC(C)C)[nH]c23)cc1,0
Cc1ccc(Nc2ncc3scc(-c4cccc(C(=O)NC5CC5)c4)c3n2)cn1,0
Cc1ccc(Nc2ncc3scc(-c4cccc(NS(C)(=O)=O)c4)c3n2)cn1,0
Cc1ccc(Nc2nccc(-c3nc4ccccc4n3C)n2)cc1,0
Cc1ccc(O)cc1CC[C@@H]1[C@@H](O)CC[C@]2(C)[C@@H]([C@H](C)/C=C/CC(C)C)CC[C@@H]12,0
Cc1ccc(O)cc1CC[C@@H]1[C@H](O)CC[C@]2(C)[C@@H]([C@H](C)CCCC(C)C)[C@@H](O)C[C@@H]12,0
Cc1ccc(O)cc1CC[C@@H]1[C@H](O)CC[C@]2(C)[C@@H]([C@H](C)CCCC(C)C)CC[C@@H]12,0
Cc1ccc(O)cc1CC[C@@H]1C(=O)CC[C@]2(C)[C@@H]([C@H](C)/C=C/CC(C)C)CC[C@@H]12,0
Cc1ccc(O)cc1CC[C@@H]1C(=O)CC[C@]2(C)[C@@H]([C@H](C)CCCC(C)C)[C@@H](O)C[C@@H]12,0
Cc1ccc(O)cc1CC[C@@H]1C(=O)CC[C@]2(C)[C@@H]([C@H](C)CCCC(C)C)CC[C@@H]12,0
Cc1ccc(OCC(C)C)c(-c2cccn3nc(Nc4ccc5c(c4)CCNCC5)nc23)c1,0
Cc1cccc(/C=C\c2ncc([N+](=O)[O-])n2CCOC(=O)c2cccc3c2OCCO3)c1,0
Cc1cccc(Cl)c1NC(=O)c1cnc(NC(=O)C2CC2)s1,0
Cc1cccc(CSc2nnc(Cn3nnc4ccccc43)o2)c1,0
Cc1ccccc1/C=C\c1ncc([N+](=O)[O-])n1CCOC(=O)c1cccc2c1OCCO2,0
Cc1ccccc1CSc1nnc(Cn2nnc3ccccc32)o1,0
Cc1cccn2nc(Nc3ccc(S(C)(=O)=O)cc3)nc12,0
Cc1cn(CCN2CCN(c3ccccc3-c3cc(C#N)cc(C(=O)NCCCN4CCCC4)c3)CC2)c2ccccc12,0
Cc1cnc(Nc2ccc3c(c2)CC(=O)N3)nc1NCc1ccccn1,0
Cc1cnc2[nH]c(-c3ccc(F)cc3)cc2c1NCc1cccnc1N(C)S(C)(=O)=O,0
Cc1cnc2[nH]ccc2c1NCc1cccnc1N(C)S(C)(=O)=O,0
Cc1cnc2[nH]ccc2c1NCc1cccnc1N(C)S(C)(=O)=O,0
Cc1csc(Nc2nc3c(c(Nc4ccccc4S(=O)(=O)NC(C)C)n2)CCN3)n1,0
Cc1n[nH]c2cc(Nc3nc(NC4CC4)c4occc4n3)ccc12,0
Cc1nc(C)c(/C=C2\CC(C)C/C(=C\c3nc(C)c(C)nc3C)C2=NO)nc1C,0
Cc1nc(C)c(/C=C2\CC(C)C/C(=C\c3nc(C)c(C)nc3C)C2=O)nc1C,0
Cc1nc(C)c(/C=C2\CN(C(C)C)C/C(=C\c3nc(C)c(C)nc3C)C2=NO)nc1C,0
Cc1nc(C)c(/C=C2\CN(C(C)C)C/C(=C\c3nc(C)c(C)nc3C)C2=O)nc1C,0
Cc1nc(C)c(/C=C2\CN(C)C/C(=C\c3nc(C)c(C)nc3C)C2=NO)nc1C,0
Cc1nc(C)c(/C=C2\CN(C)C/C(=C\c3nc(C)c(C)nc3C)C2=O)nc1C,0
Cc1ncc([N+](=O)[O-])n1CCOc1ncnc2ccc([N+](=O)[O-])cc12,0
Cc1ncsc1-c1ccc(CNC(=O)[C@@H]2C[C@@H](O)CN2C(=O)[C@@H](NC(=O)CCOCCOc2ccc(Nc3ncc(C(F)(F)F)c(NCc4cccc(N(C)S(C)(=O)=O)c4)n3)cc2)C(C)(C)C)cc1,0
Cc1nn(C)c(C)c1Nc1nc2c(-c3ccc(S(C)(=O)=O)cc3)cccn2n1,0
CCC(=O)N1CCC[C@@H](Nc2nc(Nc3ccc4c(c3)OCCOCCOCCO4)nc3[nH]cnc23)C1,0
CCC(=O)Nc1cccc(Nc2nc(Nc3ccc4c(c3)OCCOCCOCCO4)nc3[nH]cnc23)c1,0
CCC(CC)NC(=O)c1ccccc1Nc1ncnc(Nc2cc(OC)c(OC)c(OC)c2)n1,0
CCC(CC)NC(=O)c1ccccc1Nc1ncnc(Nc2ccc(CN)cc2)n1,0
CCc1c(NC(=O)OCCn2ccnc2)cn2ncnc(Nc3ccc4c(cnn4Cc4ccccc4)c3)c12,0
CCc1ccc(-c2ccc3c(c2)-c2[nH]ncc2S(=O)(=O)N3C)cc1,0
CCc1ccc(-c2ccc3c(c2)-c2[nH]ncc2S(=O)(=O)N3C)cc1,0
CCc1ccc(-c2ccc3c(c2)-c2[nH]ncc2S(=O)(=O)N3C)cc1,0
CCc1ccc(-c2ccc3c(c2)-c2[nH]ncc2S(=O)(=O)N3C)cc1,0
CCc1ccc(-c2ccc3c(c2)-c2[nH]ncc2S(=O)(=O)N3C)cc1,0
CCc1ccc(-c2ccc3c(c2)-c2[nH]ncc2S(=O)(=O)N3C)cc1,0
CCc1ccc(-c2ccc3c(c2)-c2[nH]ncc2S(=O)(=O)N3C)cc1,0
CCc1ccc(-c2ccc3c(c2)-c2[nH]ncc2S(=O)(=O)N3C)cc1,0
CCc1ccc(-c2ccc3c(c2)-c2[nH]ncc2S(=O)(=O)N3C)cc1,0
CCc1ccc(-c2ccc3c(c2)-c2[nH]ncc2S(=O)(=O)N3C)cc1,0
CCc1ccc(-c2ccc3c(c2)-c2[nH]ncc2S(=O)(=O)N3C)cc1,0
CCc1ccc(-c2ccc3c(c2)-c2[nH]ncc2S(=O)(=O)N3C)cc1,0
CCc1ccc(-c2ccc3c(c2)-c2[nH]ncc2S(=O)(=O)N3C)cc1,0
CCc1ccc(-c2ccc3c(c2)-c2[nH]ncc2S(=O)(=O)N3C)cc1,0
CCc1ccc(-c2ccc3c(c2)-c2c(cnn2CC)S(=O)(=O)N3C)cc1,0
CCc1ccc(-c2ccc3c(c2)-c2c(cnn2CC)S(=O)(=O)N3C)cc1,0
CCc1ccc(-c2ccc3c(c2)-c2c(cnn2CC)S(=O)(=O)N3C)cc1,0
CCc1ccc(-c2ccc3c(c2)-c2c(cnn2CC)S(=O)(=O)N3C)cc1,0
CCc1ccc(-c2ccc3c(c2)-c2c(cnn2CC)S(=O)(=O)N3C)cc1,0
CCc1ccc(-c2ccc3c(c2)-c2c(cnn2CC)S(=O)(=O)N3C)cc1,0
CCc1ccc(-c2ccc3c(c2)-c2c(cnn2CC)S(=O)(=O)N3C)cc1,0
CCc1ccc(-c2ccc3c(c2)-c2c(cnn2CC)S(=O)(=O)N3C)cc1,0
CCc1ccc(-c2ccc3c(c2)-c2c(cnn2CC)S(=O)(=O)N3C)cc1,0
CCc1ccc(-c2ccc3c(c2)-c2c(cnn2CC)S(=O)(=O)N3C)cc1,0
CCc1ccc(-c2ccc3c(c2)-c2c(cnn2CC)S(=O)(=O)N3C)cc1,0
CCc1ccc(-c2ccc3c(c2)-c2c(cnn2CC)S(=O)(=O)N3C)cc1,0
CCc1ccc(-c2ccc3c(c2)-c2c(cnn2CC)S(=O)(=O)N3C)cc1,0
CCc1ccc(-c2ccc3c(c2)-c2c(cnn2CC)S(=O)(=O)N3C)cc1,0
CCc1ccc(-c2ccc3c(c2)-c2nn(C)cc2S(=O)(=O)N3C)cc1,0
CCc1ccc(-n2ccc3cnc(Nc4cc(OC)c(OC)c(OC)c4)nc32)cc1,0
CCc1cccc(CC)c1NC(=O)c1nn(C)c2c1CCc1cnc(Nc3ccc(C(=O)NC4CCN(C)CC4)cc3OC(F)(F)F)nc1-2,0
CCc1cccc(CC)c1NC(=O)c1nn(C)c2c1CCc1cnc(Nc3ccc(C(=O)NC4CCN(C)CC4)cc3OC(F)(F)F)nc1-2,0
CCc1ccccc1-n1ccc2cnc(Nc3cc(OC)c(OC)c(OC)c3)nc21,0
CCc1csc2c(NCc3ccccc3)nc(NCCN3CCOCC3)nc12,0
CCCCc1ccc(-c2cc3c(NCc4cccnc4N(C)S(C)(=O)=O)c(C#N)cnc3[nH]2)cc1,0
CCCCc1ccc(-c2cc3c(NCc4cccnc4N(C)S(C)(=O)=O)c(C#N)cnc3[nH]2)cc1,0
CCCCc1ccc(-n2ccc3cnc(Nc4cc(OC)c(OC)c(OC)c4)nc32)cc1,0
CCCNC(=O)c1ccc(Nc2ncc(C(F)(F)F)c(OCCCNC(=O)C(F)(F)F)n2)cc1,0
CCCNS(=O)(=O)c1ccccc1-n1ccc2cnc(Nc3cc(OC)c(OC)c(OC)c3)nc21,0
CCCOc1ccc(Cl)cc1-c1cccn2nc(Nc3ccc4c(c3)CCNCC4)nc12,0
CCCS(=O)(=O)Nc1ccc(Cl)c(C(=O)Nc2ccc(NC(C)=O)nc2)c1F,0
CCCS(=O)(=O)Nc1ccc(F)c(C(=O)c2c[nH]c3ncc(Cl)cc23)c1F,0
CCN(CC)C(=O)c1ccc(Nc2ncc(C(F)(F)F)c(N[C@@H]3CCC[C@H]3N(C)C)n2)cc1,0
CCN(CC)CCNC(=O)c1c(C)[nH]c(/C=C2\C(=O)Nc3ccc(F)cc32)c1C,0
CCN=[S+](C)([O-])c1ccc(Nc2ncc(C(F)(F)F)c(N[C@@H]3CCC[C@H]3N(C)C)n2)cc1,0
CCN1C(=O)CCCc2c1ccc(Nc1nc3c(c(Nc4ccccc4C(=O)NC)n1)CCN3)c2OC,0
CCn1c(SCc2ccc(C(=O)Nc3ccccc3N)cc2)nnc1-c1ccncc1,0
CCn1c(SCc2ccc(C(=O)NO)cc2)nnc1-c1ccncc1,0
CCn1c(SCCCCCC(=O)Nc2ccccc2N)nnc1-c1ccncc1,0
CCn1c(SCCCCCC(=O)NO)nnc1-c1ccncc1,0
CCn1c(SCCCCCC(=O)O)nnc1-c1ccncc1,0
CCn1cc(Nc2nc3c(-c4ccc(C(F)(F)F)cc4)cccn3n2)cn1,0
CCn1cc(Nc2nc3c(-c4ccc(S(C)(=O)=O)cc4)cccn3n2)cn1,0
CCn1cc(Nc2nc3c(Oc4ccc(S(C)(=O)=O)cc4)cccn3n2)cn1,0
CCN1CCN(c2ccc(Nc3cc(N(C)C(=O)Nc4c(Cl)c(OC)cc(OC)c4Cl)ncn3)cc2)CC1,0
CCN1CCN(c2ccc(Nc3nc(N)c4scc(-c5cccc(C(=O)NC)c5)c4n3)cc2)CC1,0
CCN1CCN(c2ccc(Nc3nc(N)c4scc(-c5cccc(NS(C)(=O)=O)c5)c4n3)cn2)CC1,0
CCN1CCN(c2ccc(Nc3nc(N)c4scc(-c5cnc6ccccc6c5)c4n3)cc2)CC1,0
CCN1CCN(c2ccc(Nc3nc(N)c4scc(-c5cnc6ccccc6c5)c4n3)cn2)CC1,0
CCN1CCN(c2cccc(Nc3nc(N)c4scc(-c5cnc6ccccc6c5)c4n3)c2)CC1,0
CCN1CCN(c2cccc(Nc3nc4c(-c5ccc(P(C)(C)=O)cc5)cccn4n3)c2)C(=O)C1,0
CCN1CCN(c2cccc(Nc3nc4c(-c5ccc(S(C)(=O)=O)cc5)cccn4n3)c2)C(=O)C1,0
CCN1CCP(=O)(c2ccc(Nc3nc4c(-c5ccc(S(C)(=O)=O)cc5)cccn4n3)cc2)CC1,0
CCn1nc(C#Cc2cc(C(=O)Nc3ccc(CN4CCN(C)CC4)c(C(F)(F)F)c3)ccc2C)c2c(N)ncnc21,0
CCOC(=O)c1ccccc1-c1csc2cnc(Nc3ccc(N4CCN(CC)CC4)cc3)nc12,0
CCOC(=O)Cc1cnc(Nc2cc(OC)c(OC)c(OC)c2)nc1Cl,0
CCOc1cc(N2CCC(O)CC2)ccc1Nc1ncc2c(n1)N(C)c1ccccc1C(=O)N2C,0
CCOc1cc(N2CCC(O)CC2)ccc1Nc1ncc2c(n1)N(C)c1ccccc1C(=O)N2C,0
CCOc1ccc(C(F)(F)F)cc1-c1cccn2nc(Nc3ccc4c(c3)CCN(CC(=O)N(C)C)CC4)nc12,0
CCOc1ccc(C(F)(F)F)cc1-c1cccn2nc(Nc3ccc4c(c3)CCN(CCS(C)(=O)=O)CC4)nc12,0
CCOc1ccc(C(F)(F)F)cc1-c1cccn2nc(Nc3ccc4c(c3)CCNCC4)nc12,0
CCOc1ccc(Cl)cc1-c1cccn2nc(Nc3ccc4c(c3)CCNCC4)nc12,0
CCOc1ccc(Nc2nccc(-c3nc4ccccc4n3C)n2)cc1,0
CCOc1ccccc1-c1cccn2nc(Nc3ccc4c(c3)CCN(C(=O)OC(C)(C)C)CC4)nc12,0
CCOc1ccccc1-c1cccn2nc(Nc3ccc4c(c3)CCN(CC(=O)N(C)C)CC4)nc12,0
CCOc1ccccc1-c1cccn2nc(Nc3ccc4c(c3)CCN(CCS(C)(=O)=O)CC4)nc12,0
CCOc1ccccc1-c1cccn2nc(Nc3ccc4c(c3)CCNCC4)nc12,0
CCOc1ccccc1-c1cccn2nc(Nc3ccc4c(c3)CCNCC4)nc12,0
CCOCCCNC(=O)c1cc2cccc(NC(=O)Nc3cc(C(C)(C)C)nn3-c3ccc(C)cc3)c2[nH]1,0
CCOCn1cc(C2=C(c3cc(OC)c(OC)c(OC)c3)C(=O)NC2)c2ccccc21,0
CCS(=O)(=O)Nc1cccc(-c2csc3c(N)nc(Nc4cc(OC)c(OC)c(OC)c4)nc23)c1,0
Clc1ccc(C2=NN(c3ccccc3)C(c3ccc4ccccc4c3)C2)cc1Cl,0
Clc1ccc(CSc2nnc(Cn3nnc4ccccc43)o2)cc1Cl,0
Clc1cccc(-c2nnc(Cn3nnc4ccccc43)o2)c1,0
Clc1cccc(Cc2nnc(Cn3nnc4ccccc43)o2)c1,0
Clc1cccc(CSc2nnc(Cn3nnc4ccccc43)o2)c1,0
Clc1ccccc1Cc1nnc(Cn2nnc3ccccc32)o1,0
Clc1ccccc1CSc1nnc(Cn2nnc3ccccc32)o1,0
CN([C@@H]1CCC[C@H]1Oc1nc(Nc2ccc3c(c2)OCCOCCOCCO3)nc2sccc12)S(C)(=O)=O,0
CN(C)[C@@H]1CCC[C@H]1Nc1nc(Nc2ccc(S(=O)(=O)NC3CC3)cc2)ncc1C(F)(F)F,0
CN(C)[C@@H]1CCC[C@H]1Nc1nc(Nc2ccc(S(C)(=O)=O)cc2)ncc1C(F)(F)F,0
CN(C)[C@@H]1CCC[C@H]1Nc1nc(Nc2ccc(S(C)(=O)=O)cc2)ncc1C(F)(F)F,0
CN(C)[C@@H]1CCC[C@H]1Nc1nc(Nc2ccc3c(c2)CN(C)S3(=O)=O)ncc1C(F)(F)F,0
CN(C)[C@@H]1CCC[C@H]1Nc1nc(Nc2ccn3ccnc3c2)ncc1C(F)(F)F,0
CN(C)[C@@H]1CCC[C@H]1Nc1nc(Nc2ccncc2)ncc1C(F)(F)F,0
CN(C)[C@@H]1CCC[C@H]1Nc1nc(Nc2ccncc2)ncc1C(F)(F)F,0
CN(C)C(=O)c1cccc(Nc2ncc(C(F)(F)F)c(N[C@@H]3CCC[C@H]3N(C)C)n2)c1,0
CN(C)C(=O)c1cccc(Nc2ncc(C(F)(F)F)c(N[C@@H]3CCC[C@H]3N(C)C)n2)c1,0
CN(C)C(=O)CN1CCC(c2ccc(Nc3nc4c(-c5cc(C(F)(F)F)ccc5OCC(F)F)cccn4n3)cc2)CC1,0
CN(C)C(=O)CN1CCC(c2ccc(Nc3nc4c(-c5ccc(C#N)cc5)cccn4n3)cc2)CC1,0
CN(C)C(=O)CN1CCC(c2ccc(Nc3nc4c(-c5ccc(F)cc5)cccn4n3)cc2)CC1,0
CN(C)C(=O)CN1CCC(c2ccc(Nc3nc4c(-c5ccc[nH]c5=O)cccn4n3)cc2)CC1,0
CN(C)C(=O)CN1CCC(c2ccc(Nc3nc4c(-c5cnn(-c6ccc(F)cc6)c5)cccn4n3)cc2)CC1,0
CN(C)C(=O)CN1CCc2ccc(Nc3nc4c(-c5cc(C(F)F)ccc5OCC(F)F)cccn4n3)cc2CC1,0
CN(C)C(=O)CN1CCc2ccc(Nc3nc4c(-c5cc(F)ccc5OCC(F)F)cccn4n3)cc2CC1,0
CN(C)C(=O)CN1CCc2ccc(Nc3nc4c(-c5cc(S(C)(=O)=O)ccc5OCC(F)F)cccn4n3)cc2CC1,0
CN(C)C(=O)CN1CCc2ccc(Nc3nc4c(-c5cccc6c5OC(F)(F)O6)cccn4n3)cc2CC1,0
CN(C)C(=O)CN1CCc2ccc(Nc3nc4c(-c5ccccc5OCC(F)F)cccn4n3)cc2CC1,0
CN(C)C(=O)N1CCc2ccc(Nc3nc4c(-c5cc(Cl)ccc5OCC(F)F)cccn4n3)cc2CC1,0
CN(C)c1ccc(C(=O)Nc2cccc(NC(=O)COc3ccc4c(=O)ccoc4c3)c2)cc1,0
CN(C)c1cccc(-c2cccn3nc(Nc4ccc(C5CCN(C(=O)OC(C)(C)C)CC5)cc4)nc23)c1,0
CN(C)c1cccc(-c2cccn3nc(Nc4ccc(C5CCNCC5)cc4)nc23)c1,0
CN(C)Cc1ccc(-c2ccc3cnc(Nc4ccc(C5CCN(CC(N)=O)CC5)cc4)nn23)cc1,0
CN(C)Cc1ccc(-c2ccc3cnc(Nc4ccc(C5CCN(CC(N)=O)CC5)cc4)nn23)cc1,0
CN(C)CCN1CCN(C(=O)c2cc(C(C)(C)C)sc2NC(=O)Nc2cccc(Cl)c2Cl)CCC1=O,0
CN(c1ccc(-c2cccn3nc(Nc4ccc(CN5CCS(=O)(=O)CC5)cc4)nc23)cc1)S(C)(=O)=O,0
CN(c1cccc(-c2ccc3cnc(Nc4ccc(C5CCN(CC(N)=O)CC5)cc4)nn23)c1)S(C)(=O)=O,0
CN(c1cccc(-c2cccn3nc(Nc4ccc(OCCN5CCCC5)cc4)nc23)c1)S(C)(=O)=O,0
CN(c1ncccc1CNc1c(Br)cnc2[nH]c(-c3ccc(F)cc3)nc12)S(C)(=O)=O,0
CN(c1ncccc1CNc1c(Br)cnc2[nH]c(-c3ccc(F)cc3)nc12)S(C)(=O)=O,0
CN(c1ncccc1CNc1c(C#N)cnc2[nH]c(-c3ccc(F)cc3)cc12)S(C)(=O)=O,0
CN(c1ncccc1CNc1c(C#N)cnc2[nH]c(C3CCCCC3)cc12)S(C)(=O)=O,0
CN(c1ncccc1CNc1c(C#N)cnc2[nH]c(C3CCCCC3)cc12)S(C)(=O)=O,0
CN(c1ncccc1CNc1c(C#N)cnc2[nH]c(-c3ccccc3)cc12)S(C)(=O)=O,0
CN(c1ncccc1CNc1c(C#N)cnc2[nH]ccc12)S(C)(=O)=O,0
CN(c1ncccc1CNc1c(C#N)cnc2[nH]ccc12)S(C)(=O)=O,0
CN(c1ncccc1CNc1c(C(F)(F)F)cnc2[nH]c(-c3ccc(Br)cc3)nc12)S(C)(=O)=O,0
CN(c1ncccc1CNc1c(C(F)(F)F)cnc2[nH]c(-c3ccc(F)cc3)cc12)S(C)(=O)=O,0
CN(c1ncccc1CNc1c(C(F)(F)F)cnc2[nH]c(-c3ccc(F)cc3)nc12)S(C)(=O)=O,0
CN(c1ncccc1CNc1ccnc2[nH]c(-c3ccc(F)cc3)cc12)S(C)(=O)=O,0
CN(c1ncccc1CNc1ccnc2[nH]c(-c3ccc(F)cc3)cc12)S(C)(=O)=O,0
CN(c1ncccc1CNc1ccnc2[nH]ccc12)S(C)(=O)=O,0
CN(c1ncccc1CNc1ccnc2[nH]ccc12)S(C)(=O)=O,0
CN(c1ncccc1CNc1nc(Nc2cccc(CN)c2)nc2[nH]cc(F)c12)S(C)(=O)=O,0
CN(c1ncccc1Nc1cccn2nc(Nc3ccc(OCCN4CCCC4)cc3)nc12)S(C)(=O)=O,0
CN(Cc1cccc(-c2cccn3nc(Nc4ccc(OCCN5CCCC5)cc4)nc23)c1)S(C)(=O)=O,0
CN(Cc1ccccc1Nc1cccn2nc(Nc3ccc(OCCN4CCCC4)cc3)nc12)S(C)(=O)=O,0
CN(CCc1ccc(-c2ccccc2)cc1)Cc1cn(C)c2ccc(C(=O)Nc3ccc(F)cc3)cc12,0
CN[C@@H]1C[C@H]2O[C@@](C)([C@@H]1OC)n1c3ccccc3c3c4c(c5c6ccccc6n2c5c31)C(=O)NC4,0
CN=[S+](C)([O-])c1ccc(Nc2ncc(C(F)(F)F)c(N[C@@H]3CCC[C@H]3N(C)C)n2)cc1,0
CN=[S+](C)([O-])c1ccc(Nc2ncc(C(F)(F)F)c(N[C@@H]3CCC[C@H]3N(C)C)n2)cc1,0
CN1C(=O)[C@@H](N2CCc3cn(CC4CCS(=O)(=O)CC4)nc3C2=O)COc2ccccc21,0
Cn1c(=O)c(S(=O)(=O)c2ccc(F)cc2F)cc2cnc(Nc3ccc4[nH]ccc4c3)nc21,0
Cn1c(=O)c2ccc(-c3nc4ccccc4n3C)nc2n(C)c1=O,0
Cn1c(-c2ccnc(Nc3ccc(Cl)cc3)n2)nc2ccccc21,0
Cn1c(-c2ccnc(Nc3ccc(N4CCOCC4)cc3)n2)nc2ccccc21,0
Cn1c(-c2ccnc(Nc3ccc(O)c(Cl)c3)n2)nc2ccccc21,0
Cn1c(-c2ccnc(Nc3ccc(O)cc3)n2)nc2ccccc21,0
Cn1c(-c2ccnc(Nc3cccc(O)c3)n2)nc2ccccc21,0
Cn1c(-c2ccnc(Nc3ccccc3)n2)nc2ccccc21,0
Cn1c(SCc2ccc(C(=O)Nc3ccccc3N)cc2)nnc1-c1ccncc1,0
Cn1c(SCc2ccc(C(=O)NO)cc2)nnc1-c1ccncc1,0
Cn1c(SCCCCCC(=O)Nc2ccccc2N)nnc1-c1ccncc1,0
Cn1c(SCCCCCC(=O)NO)nnc1-c1ccncc1,0
Cn1c(SCCCCCC(=O)O)nnc1-c1ccncc1,0
Cn1c2c(c3ccc(Cl)c(Cl)c31)C(C#N)C1(CCNCC1)NC2=O,0
CN1c2ccc(C(=O)Nc3ccc(F)cc3)cc2-c2c(cnn2C)S1(=O)=O,0
CN1c2ccc(-c3ccc(C(N)=O)cc3)cc2-c2[nH]ncc2S1(=O)=O,0
CN1c2ccc(CNc3ccc(F)cc3)cc2-c2c(cnn2C)S1(=O)=O,0
CN1c2ccc(NC(=O)c3ccc(F)cc3)cc2-c2c(cnn2C)S1(=O)=O,0
CN1c2ccc(Nc3ccc(F)cc3)cc2-c2c(cnn2C)S1(=O)=O,0
CN1c2ccc(Nc3ccc(F)cc3)cc2-c2c(cnn2C)S1(=O)=O,0
CN1c2ccc(NCc3ccc(Br)cc3)cc2-c2c(cnn2C)S1(=O)=O,0
CN1c2ccc(NCc3ccc(Br)cc3)cc2-c2c(cnn2C)S1(=O)=O,0
CN1c2ccc(NCc3ccc(C(C)(C)C)cc3)cc2-c2c(cnn2C)S1(=O)=O,0
CN1c2ccc(NCc3ccc(C(C)(C)C)cc3)cc2-c2c(cnn2C)S1(=O)=O,0
CN1c2ccc(NCc3ccc(F)cc3)cc2-c2c(cnn2C)S1(=O)=O,0
CN1Cc2ccc(Nc3nc4c(C#Cc5ccccc5N(C)S(C)(=O)=O)cccn4n3)cc2C1,0
CN1Cc2cccc(Nc3c(C(F)(F)F)cnc4[nH]c(-c5ccc(F)cc5)cc34)c2C1=O,0
CN1Cc2cccc(Nc3c(C(F)(F)F)cnc4[nH]c(-c5ccc(F)cc5)cc34)c2C1=O,0
CN1CCC(c2ccc(Nc3nc4c(Nc5ccccc5CN(C)S(C)(=O)=O)cccn4n3)cc2)CC1,0
CN1CCC(c2ccc(Nc3nc4c(Nc5ccccc5CS(C)(=O)=O)cccn4n3)cc2)CC1,0
CN1CCC(c2ccc(Nc3nc4c(Nc5ccccc5S(C)(=O)=O)cccn4n3)cc2)CC1,0
CN1CCC(c2ccc(Nc3nc4c(Nc5cccnc5N(C)S(C)(=O)=O)cccn4n3)cc2)CC1,0
CN1CCC(c2ccc(Nc3nc4c(NCc5cccc(S(C)(=O)=O)c5)cccn4n3)cc2)CC1,0
CN1CCC(c2cccc(Nc3nc4c(-c5ccccc5N(C)S(C)(=O)=O)cccn4n3)c2)CC1,0
Cn1ccc2ncnc(Oc3ccc(NC(=O)Nc4cccc(C(F)(F)F)c4)c(F)c3)c21,0
CN1CCN(C[C@@H](NC(=O)C[C@H]2CNC(=O)c3cc(-c4cccc(Cl)c4)cn32)C2CCCCC2)CC1,0
CN1CCN(c2cc(F)c3c(c2)nc(Cc2ccc4c(c2)OCO4)n2nc(N)nc32)CC1,0
CN1CCN(c2ccc(NC(=O)Nc3nc4cccc(-c5ccc(S(C)(=O)=O)cc5)n4n3)cc2)CC1,0
CN1CCN(c2ccc(NC(=O)Nc3nc4cccc(-c5cccc(S(C)(=O)=O)c5)n4n3)cc2)CC1,0
CN1CCN(c2ccc(Nc3nc(Oc4cccc5c4C(=O)CC5)c4[nH]ccc4n3)cc2)CC1,0
CN1CCN(c2ccc(Nc3nc(Oc4cccc5c4C(=O)CC5)c4ccccc4n3)cc2)CC1,0
CN1CCN(c2ccc(Nc3nc(Oc4cccc5c4C(=O)CC5)c4ccsc4n3)cc2)CC1,0
CN1CCN(c2ccc(Nc3nc4c(-c5ccc(C(F)(F)F)cc5)cccn4n3)cc2)CC1,0
CN1CCN(c2ccc(Nc3nc4c(-c5ccc(CS(C)(=O)=O)cc5)cccn4n3)cc2)CC1,0
CN1CCN(c2ccc(Nc3nc4c(-c5ccc(S(C)(=O)=O)cc5)cc(C(F)(F)F)cn4n3)cc2)CC1,0
CN1CCN(c2ccc(Nc3nc4c(-c5ccc(S(C)(=O)=O)cc5)cc(F)cn4n3)cc2)CC1,0
CN1CCN(c2ccc(Nc3nc4c(-c5cccc(CN(C)S(C)(=O)=O)c5)cccn4n3)cc2)CC1,0
CN1CCN(c2ccc(Nc3nc4c(-c5cccc(N(C)S(C)(=O)=O)c5)cccn4n3)cc2)CC1,0
CN1CCN(c2ccc(Nc3nc4c(-c5cccc(S(C)(=O)=O)c5)cccn4n3)cc2)CC1,0
CN1CCN(c2ccc(Nc3nc4c(-c5ccccc5S(C)(=O)=O)cccn4n3)cc2)CC1,0
CN1CCN(c2ccc(Nc3nc4c(Nc5cccc(S(C)(=O)=O)c5)cccn4n3)cc2)CC1,0
CN1CCN(c2ccc(Nc3nc4c(Nc5ccccc5CS(C)(=O)=O)cccn4n3)cc2)CC1,0
CN1CCN(c2ccc(Nc3nc4c(Nc5cccnc5N(C)S(C)(=O)=O)cccn4n3)cc2)CC1,0
CN1CCN(c2ccc(Nc3nc4c(NCc5cccc(N(C)S(C)(=O)=O)c5)cccn4n3)cc2)CC1,0
CN1CCN(c2ccc(Nc3nc4c(NCc5cccc(S(C)(=O)=O)c5)cccn4n3)cc2)CC1,0
CN1CCN(c2ccc(Nc3nc4c(NCc5cccnc5)cccn4n3)cc2)CC1,0
CN1CCN(c2ccc(Nc3nc4c(NCC5CCN(C(=O)OC(C)(C)C)C5)cccn4n3)cc2)CC1,0
CN1CCN(c2ccc(Nc3nc4c(O)cccn4n3)cc2)CC1,0
CN1CCN(c2ccc(Nc3nc4c(OCc5cccc(Cl)c5)cccn4n3)cc2)CC1,0
CN1CCN(c2ccc(Nc3nc4c(OCc5ccccc5C#N)cccn4n3)cc2)CC1,0
CN1CCN(c2ccc(Nc3nc4ccc(-c5ccc(S(C)(=O)=O)cc5)cn4n3)cc2)CC1,0
CN1CCN(c2ccc(Nc3nc4cccc(-c5ccc(NS(C)(=O)=O)cc5)n4n3)cc2)CC1,0
CN1CCN(c2ccc(OC(F)(F)F)c(Nc3ncc4c(n3)-c3c(c(C(N)=O)nn3CCO)CC4)c2)CC1,0
CN1CCN(c2cccc(N(c3cccc(N4CCN(C)CC4)c3)c3nc4c(-c5ccc(S(C)(=O)=O)cc5)cc(F)cn4n3)c2)CC1,0
CN1CCN(c2cccc(Nc3nc4c(C#Cc5ccccc5N(C)S(C)(=O)=O)cccn4n3)c2)CC1,0
CN1CCN(c2cccc(Nc3nc4c(-c5ccc(N(C)S(C)(=O)=O)cc5)cccn4n3)c2)CC1,0
CN1CCN(c2cccc(Nc3nc4c(-c5ccc(N6CCC(N7CCN(C)CC7)CC6)cc5)cccn4n3)c2)CC1,0
CN1CCN(c2cccc(Nc3nc4c(-c5ccc(P(C)(C)=O)cc5)cccn4n3)c2)C(=O)C1,0
CN1CCN(c2cccc(Nc3nc4c(-c5ccc(P(C)(C)=O)cc5)cccn4n3)c2)CC1,0
CN1CCN(c2cccc(Nc3nc4c(-c5ccc(S(C)(=O)=O)cc5)cc(C(F)(F)F)cn4n3)c2)CC1,0
CN1CCN(c2cccc(Nc3nc4c(-c5ccc(S(C)(=O)=O)cc5)cccn4n3)c2)C(=O)C1,0
CN1CCN(c2cccc(Nc3nc4c(-c5ccc(S(C)(=O)=O)cc5)cccn4n3)c2)CC1,0
CN1CCN(c2cccc(Nc3nc4c(-c5cccc(CN(C)S(C)(=O)=O)c5)cccn4n3)c2)CC1,0
CN1CCN(c2cccc(Nc3nc4c(-c5cccc(S(C)(=O)=O)c5)cccn4n3)c2)CC1,0
CN1CCN(c2cccc(Nc3nc4c(-c5ccccc5S(C)(=O)=O)cccn4n3)c2)CC1,0
CN1CCN(c2cccc(Nc3nc4c(-c5cnn(-c6ccc(F)cc6)c5)cccn4n3)c2)CC1,0
CN1CCN(c2cccc(Nc3nc4c(Nc5cccc(S(C)(=O)=O)c5)cccn4n3)c2)CC1,0
CN1CCN(c2cccc(Nc3nc4c(Nc5ccccc5CN(C)S(C)(=O)=O)cccn4n3)c2)CC1,0
CN1CCN(c2cccc(Nc3nc4c(Nc5cccnc5N(C)S(C)(=O)=O)cccn4n3)c2)CC1,0
CN1CCN(c2cccc(Nc3nc4c(NCc5ccc(F)cc5)cccn4n3)c2)CC1,0
CN1CCN(c2cccc(Nc3nc4c(NCc5cccc(S(C)(=O)=O)c5)cccn4n3)c2)CC1,0
CN1CCN(c2cccc(Nc3nc4c(NCc5ccccc5F)cccn4n3)c2)CC1,0
CN1CCN(c2cccc(Nc3nc4c(NCc5cccnc5)cccn4n3)c2)CC1,0
CN1CCN(c2cccc(Nc3nc4c(Oc5ccc(S(C)(=O)=O)cc5)cccn4n3)c2)CC1,0
CN1CCN(c2cccc(Nc3nc4c(OCc5cccc(Cl)c5)cccn4n3)c2)CC1,0
CN1CCN(c2cccc(Nc3nc4c(OCc5ccccc5C#N)cccn4n3)c2)CC1,0
CN1CCN(c2cccc(Nc3nc4c(OCc5ccccc5C(N)=O)cccn4n3)c2)CC1,0
CN1CCN(c2cccc(Nc3nc4cccc(-c5ccc(S(C)(=O)=O)cc5)n4n3)c2)CC1,0
CN1CCN(C2CCN(c3cccc(Nc4nc5c(-c6ccc(S(C)(=O)=O)cc6)cccn5n4)c3)CC2)CC1,0
CN1CCN(c2cncc(Nc3nc4c(-c5ccc(S(C)(=O)=O)cc5)cccn4n3)n2)CC1,0
CN1CCN(c2cncc(Nc3nc4c(NCc5ccccc5N(C)S(C)(=O)=O)cccn4n3)n2)CC1,0
CN1CCN(c2cncc(Nc3nc4cncc(-c5ccc(S(C)(=O)=O)cc5)n4n3)c2)CC1,0
CN1CCN(c2nc(C3=C(c4c[nH]c5ccccc45)C(=O)NC3=O)c3ccccc3n2)CC1,0
CN1CCN(c2nc3c(NCc4cccc([N+](=O)[O-])c4)cccn3n2)CC1,0
CN1CCN(c2ncc3ccn(-c4ccccn4)c3n2)CC1,0
CN1CCN(Cc2ccc(-c3cnc4[nH]nc(-c5cc(F)cc(NC(=O)Nc6cncnc6)c5)c4c3)cc2)CC1,0
CN1CCN(Cc2ccc(Nc3nc4c(-c5ccc(S(C)(=O)=O)cc5)cccn4n3)cc2)CC1,0
CN1CCN(Cc2ccc(Nc3nc4cccc(-c5cccc(S(C)(=O)=O)c5)n4n3)cc2)CC1,0
CN1CCN(Cc2cccc(Nc3nc4c(-c5ccc(S(C)(=O)=O)cc5)cccn4n3)c2)CC1,0
CN1CCN(Cc2cccc(Nc3nc4cccc(-c5ccc(S(C)(=O)=O)cc5)n4n3)c2)CC1,0
Cn1nc(C(N)=O)c2c1-c1nc(NC3CCN(C(=O)c4ccccc4)CC3)ncc1CC2,0
Cn1ncc2c(-c3cccn4nc(Nc5ccc6c(c5)CCN(C(=O)OC(C)(C)C)CC6)nc34)cccc21,0
Cn1ncc2c(-c3cccn4nc(Nc5ccc6c(c5)CCN(C(=O)OC(C)(C)C)CC6)nc34)cccc21,0
Cn1ncc2c(-c3cccn4nc(Nc5ccc6c(c5)CCNCC6)nc34)cccc21,0
CNC(=O)c1cc(Oc2ccc(NC(=O)Nc3ccc(Cl)c(C(F)(F)F)c3)cc2)ccn1.Cc1ccc(S(=O)(=O)O)cc1,0
CNC(=O)c1ccc2c(c1Nc1nc(Nc3ccc(N4CCOCC4)cc3OC)nc3c1C(C)(C)CN3)OCO2,0
CNC(=O)c1ccc2c(c1Nc1nc(Nc3ccc(N4CCOCC4)cc3OC)nc3c1CCN3)OCO2,0
CNC(=O)c1cccc(-c2csc3c(N)nc(Nc4ccc(N5CCC(N6CCCC6)CC5)cc4)nc23)c1,0
CNC(=O)c1cccc(-c2csc3c(N)nc(Nc4ccc(N5CCC(O)CC5)cc4)nc23)c1,0
CNC(=O)c1cccc(-c2csc3c(N)nc(Nc4ccc(N5CCOCC5)nc4)nc23)c1,0
CNC(=O)c1cccc(-n2ccc3cnc(Nc4cc(OC)c(OC)c(OC)c4)nc32)n1,0
CNC(=O)c1ccccc1Nc1c(Br)cnc2[nH]c(-c3ccc(F)cc3)nc12,0
CNC(=O)c1ccccc1Nc1c(C(F)(F)F)cnc2[nH]c(-c3cccnc3)cc12,0
CNC(=O)c1ccccc1Nc1nc(Nc2cc(C)nn2C)nc2c1CCN2,0
CNC(=O)c1ccccc1Nc1nc(Nc2cc(OC)c(OC)c(OC)c2)nc2c1CCN2,0
CNC(=O)c1ccccc1Nc1nc(Nc2ccc(C#N)cc2)n2ccnc2n1,0
CNC(=O)c1ccccc1Nc1nc(Nc2ccc(N3CCOCC3)cc2CO)nc2c1CCN2,0
CNC(=O)c1ccccc1Nc1nc(Nc2ccc(N3CCOCC3)cc2OC)ncc1Cl,0
CNC(=O)c1ccccc1Nc1ncnc(Nc2ccc(OC)cc2OC)n1,0
CNC(=O)c1nn(C)c2c1CCc1cnc(NC3CCN(C(=O)C4CCN(S(C)(=O)=O)CC4)CC3)nc1-2,0
CNC(=O)Cc1cccc(-n2ccc3cnc(Nc4cc(OC)c(OC)c(OC)c4)nc32)c1,0
CNC(=O)Nc1ccc2c(c1)CC[C@@]21OC(=O)N(CC(=O)N(Cc2ccc(F)cc2)[C@@H](C)C(F)(F)F)C1=O,0
CNc1ccn(-c2ccccc2)c(=O)c1C(=O)Nc1ccc(Oc2ccnc3cc(OC)c(OC)cc23)cn1,0
CNc1ccn(Cc2ccccc2)c(=O)c1C(=O)Nc1ccc(Oc2ccnc3cc(OC)c(OC)cc23)cn1,0
CNc1nc(Nc2cc(OC)c(OC)c(OC)c2)nc(Nc2ccccc2NS(C)(=O)=O)n1,0
CNc1nc(Nc2cccc(NS(C)(=O)=O)c2)nc(Nc2cc(OC)c(OC)c(OC)c2)n1,0
CNS(=O)(=O)c1ccc(Nc2ncc(C(F)(F)F)c(N[C@@H]3CCC[C@H]3N(C)C)n2)cc1,0
CNS(=O)(=O)c1ccc(Nc2ncc(C(F)(F)F)c(N[C@@H]3CCC[C@H]3N(C)C)n2)cc1,0
CNS(=O)(=O)c1ccc(Nc2ncc(C(F)(F)F)c(N[C@@H]3CCC[C@H]3N(C)C)n2)cc1,0
CNS(=O)(=O)c1cccc(-c2csc3c(N)nc(Nc4cc(OC)c(OC)c(OC)c4)nc23)c1,0
CNS(=O)(=O)c1cccc(-n2ccc3cnc(Nc4cc(OC)c(OC)c(OC)c4)nc32)c1,0
CNS(=O)(=O)Nc1cccc(Cc2c(C)c3cc(Cl)c(OC(=O)N(C)C)cc3oc2=O)c1,0
COC(=O)c1cc(O)c(O)c(C[C@]2(C)[C@@H](C)CC[C@@]3(C)C(C)=CCC[C@@H]23)c1,0
COC(=O)c1cc2cnc(Nc3cc(OC)c(OC)c(OC)c3)nc2n1-c1ccccn1,0
COC(=O)c1ccc(-n2ccc3cnc(Nc4cc(OC)c(OC)c(OC)c4)nc32)cc1,0
COC(=O)c1cccc(-n2ccc3cnc(Nc4cc(OC)c(OC)c(OC)c4)nc32)c1,0
COC(=O)c1cccc(Nc2nc(Nc3cc(OC)c(OC)c(OC)c3)n3ccnc3n2)c1,0
COC(=O)c1ccccc1Nc1ncnc(Nc2cc(OC)c(OC)c(OC)c2)n1,0
COC(=O)Nc1ccccc1Nc1nc(C)nc(Nc2cc(OC)c(OC)c(OC)c2)n1,0
COC[C@@H](C)Nc1cc(NC(=O)N2CCCc3cc(CN4CCCCOC4=O)c(C=O)nc32)ncc1C#N,0
COc1cc(Br)c(/C=C2\CC(C)C/C(=C\c3nc(C)c(C)nc3C)C2=O)cc1OC,0
COc1cc(Br)c(/C=C2\CC(C)CC(=C\c3nc(C)c(C)nc3C)/C2=N/O)cc1OC,0
COc1cc(Br)c(/C=C2\CN(C(C)C)CC(=C\c3nc(C)c(C)nc3C)/C2=N/O)cc1OC,0
COc1cc(Br)c(/C=C2\CN(C)C/C(=C\c3nc(C)c(C)nc3C)C2=O)cc1OC,0
COc1cc(Br)c(/C=C2\CN(C)CC(=C\c3nc(C)c(C)nc3C)/C2=N\O)cc1OC,0
COc1cc(C(F)(F)F)ccc1-c1cccc2nc(Nc3ccc4c(c3)CCN(CCS(C)(=O)=O)CC4)nn12,0
COc1cc(C(F)(F)F)ccc1-c1cccc2nc(Nc3ccc4c(c3)CCNCC4)nn12,0
COc1cc(C(F)F)ccc1-c1cccn2nc(Nc3ccc(C4CCN(C(=O)OC(C)(C)C)CC4)cc3)nc12,0
COc1cc(C(F)F)ccc1-c1cccn2nc(Nc3ccc(C4CCN(CC(=O)N(C)C)CC4)cc3)nc12,0
COc1cc(C(F)F)ccc1-c1cccn2nc(Nc3ccc(C4CCNCC4)cc3)nc12,0
COc1cc(C2=C(c3c[nH]c4ccccc34)CNC2=O)cc(OC)c1OC,0
COc1cc(C2=C(c3cn(C)c4ccccc34)C(=O)NC2)cc(OC)c1OC,0
COc1cc(C2=C(c3cn(COC(C)(C)C)c4ccccc34)CNC2=O)cc(OC)c1OC,0
COc1cc(C2=C(c3cn(COC(C)C)c4ccccc34)CNC2=O)cc(OC)c1OC,0
COc1cc(C2=C(c3cn(COc4ccccc4)c4ccccc34)CNC2=O)cc(OC)c1OC,0
COc1cc(C2=C(c3cn(COCc4ccccc4)c4ccccc34)CNC2=O)cc(OC)c1OC,0
COc1cc(-c2nc(-c3c[nH]c4ccccc34)c[nH]c2=O)cc(OC)c1OC,0
COc1cc(Cl)c(/C=C2\CN(C(C)C)C/C(=C\c3nc(C)c(C)nc3C)C2=O)cc1OC,0
COc1cc(Cl)ccc1-c1cccn2nc(Nc3ccc(C4CCN(CC(=O)N(C)C)CC4)cc3)nc12,0
COc1cc(Cl)ccc1-c1cccn2nc(Nc3ccc4c(c3)CCN(CC(=O)N(C)C)C4)nc12,0
COc1cc(Cl)ccc1-c1cccn2nc(Nc3ccc4c(c3)CCN(CC(=O)N(C)C)CC4)nc12,0
COc1cc(Cl)ccc1-c1cccn2nc(Nc3cccc(C4CCN(CC(=O)N(C)C)CC4)c3)nc12,0
COc1cc(CNc2ncc3ccn(-c4ccccn4)c3n2)cc(OC)c1OC,0
COc1cc(F)ccc1-c1cccn2nc(Nc3ccc4c(c3)CCN(CC(=O)N(C)C)CC4)nc12,0
COc1cc(N2CCC(N3CCN(C)CC3)CC2)ccc1Nc1nc(Oc2cccc3c2C(=O)CC3)c2[nH]ccc2n1,0
COc1cc(N2CCC(N3CCN(C)CC3)CC2)ccc1Nc1ncc2c(n1)N(C)c1sc(-c3ccccc3)nc1C(=O)N2C,0
COc1cc(N2CCN(C)CC2)ccc1Nc1nc(Oc2cccc3c2C(=O)CC3)c2[nH]ccc2n1,0
COc1cc(N2CCN(C)CC2)ccc1Nc1nc(Oc2cccc3c2C(=O)CC3)c2ccsc2n1,0
COc1cc(N2CCN(C)CC2)ccc1Nc1ncc2c(n1)N(C)c1ccccc1C(=O)N2,0
COc1cc(N2CCN(C)CC2)ccc1Nc1ncc2c(n1)N(C)c1ncsc1C(=O)N2,0
COc1cc(N2CCOCC2)ccc1-c1cc2c(Nc3ccccc3C#N)c(C(F)(F)F)cnc2[nH]1,0
COc1cc(N2CCOCC2)ccc1-c1cc2c(Nc3ccccc3C#N)c(C(F)(F)F)cnc2[nH]1,0
COc1cc(N2CCOCC2)ccc1Nc1nc(Oc2cccc3c2C(=O)CC3)c2[nH]ccc2n1,0
COc1cc(N2CCOCC2)ccc1Nc1nc(Oc2cccc3c2C(=O)CC3)c2cc[nH]c2n1,0
COc1cc(N2CCOCC2)ccc1Nc1nc(Oc2cccc3c2C(=O)CC3)c2ccsc2n1,0
COc1cc(N2CCOCC2)ccc1Nc1nc2c(c(Nc3ccc(F)c(F)c3)n1)C(C)(C)CN2,0
COc1cc(N2CCOCC2)ccc1Nc1nc2c(c(Nc3ccc(F)c(F)c3)n1)C(C)CN2,0
COc1cc(N2CCOCC2)ccc1Nc1nc2c(c(Nc3ccc(F)c(F)c3)n1)CCN2,0
COc1cc(N2CCOCC2)ccc1Nc1nc2c(c(Nc3ccccc3C(=O)N3CCCC3)n1)CCN2,0
COc1cc(N2CCOCC2)ccc1Nc1nc2c(c(Nc3ccccc3C=O)n1)CCN2,0
COc1cc(N2CCOCC2)ccc1Nc1nc2c(c(Nc3ccccc3CCO)n1)CCN2,0
COc1cc(N2CCOCC2)ccc1Nc1nc2c(c(Nc3ccccc3NC(C)=O)n1)CCN2,0
COc1cc(N2CCOCC2)ccc1Nc1nc2c(c(Nc3ccccc3S(=O)(=O)NC3CC3)n1)C1(CC1)CN2,0
COc1cc(N2CCOCC2)ccc1Nc1nc2c(c(Nc3ccccc3S(=O)(=O)NCCO)n1)C1(CC1)CN2,0
COc1cc(NC2=Nc3nccn3C(Cc3ccccc3NC(C)=O)N2)cc(OC)c1OC,0
COc1cc(Nc2nc(C)nc(Nc3ccccc3NC(=O)N(C)C)n2)cc(OC)c1OC,0
COc1cc(Nc2nc(C)nc(Nc3ccccc3NC(C)=O)n2)cc(OC)c1OC,0
COc1cc(Nc2nc(C)nc(Nc3ccccc3NS(C)(=O)=O)n2)cc(OC)c1OC,0
COc1cc(Nc2nc(Cl)nc(Nc3cccc(NS(C)(=O)=O)c3)n2)cc(OC)c1OC,0
COc1cc(Nc2nc(Cl)nc(Nc3ccccc3NS(C)(=O)=O)n2)cc(OC)c1OC,0
COc1cc(Nc2nc(N)c3scc(-c4cccc(NC(=O)C5CC5)c4)c3n2)cc(OC)c1OC,0
COc1cc(Nc2nc(Nc3ccccc3NC(C)=O)nc(C(F)(F)F)n2)cc(OC)c1OC,0
COc1cc(Nc2ncc3c(n2)N(c2ccccn2)C(=O)C3)cc(OC)c1OC,0
COc1cc(Nc2ncc3c(n2)N(c2ccccn2)C(=O)CC3)cc(OC)c1OC,0
COc1cc(Nc2ncc3cc(C(=O)O)n(-c4ccccn4)c3n2)cc(OC)c1OC,0
COc1cc(Nc2ncc3ccc(=O)n(-c4ccccn4)c3n2)cc(OC)c1OC,0
COc1cc(Nc2ncc3ccn(-c4ccc([N+](=O)[O-])cc4)c3n2)cc(OC)c1OC,0
COc1cc(Nc2ncc3ccn(-c4ccc(C(=O)O)cc4)c3n2)cc(OC)c1OC,0
COc1cc(Nc2ncc3ccn(-c4ccc(C(C)(C)C)cc4)c3n2)cc(OC)c1OC,0
COc1cc(Nc2ncc3ccn(-c4ccc(C(F)(F)F)cc4)c3n2)cc(OC)c1OC,0
COc1cc(Nc2ncc3ccn(-c4ccc(C)cn4)c3n2)cc(OC)c1OC,0
COc1cc(Nc2ncc3ccn(-c4cccc(C(=O)NC5CCCC5)c4)c3n2)cc(OC)c1OC,0
COc1cc(Nc2ncc3ccn(-c4cccc(C(=O)NCC(C)C)c4)c3n2)cc(OC)c1OC,0
COc1cc(Nc2ncc3ccn(-c4cccc(C(=O)NCC(C)C)n4)c3n2)cc(OC)c1OC,0
COc1cc(Nc2ncc3ccn(-c4cccc(C(N)=O)c4)c3n2)cc(OC)c1OC,0
COc1cc(Nc2ncc3ccn(-c4cccc(CC(=O)NC5CCCC5)c4)c3n2)cc(OC)c1OC,0
COc1cc(Nc2ncc3ccn(-c4cccc(CC(=O)NCCCN(C)C)c4)c3n2)cc(OC)c1OC,0
COc1cc(Nc2ncc3ccn(-c4cccc(CC(=O)NCCCN)c4)c3n2)cc(OC)c1OC,0
COc1cc(Nc2ncc3ccn(-c4cccc(CN)c4)c3n2)cc(OC)c1OC,0
COc1cc(Nc2ncc3ccn(-c4cccc(N)c4)c3n2)cc(OC)c1OC,0
COc1cc(Nc2ncc3ccn(-c4ccccc4[N+](=O)[O-])c3n2)cc(OC)c1OC,0
COc1cc(Nc2ncc3ccn(-c4ccccc4C(=O)NCCCN(C)C)c3n2)cc(OC)c1OC,0
COc1cc(Nc2ncc3ccn(-c4ccccc4C(=O)NCCN)c3n2)cc(OC)c1OC,0
COc1cc(Nc2ncc3ccn(-c4ccccc4C(=O)O)c3n2)cc(OC)c1OC,0
COc1cc(Nc2ncc3ccn(-c4ccccc4C(N)=O)c3n2)cc(OC)c1OC,0
COc1cc(Nc2ncc3ccn(-c4ccccc4C)c3n2)cc(OC)c1OC,0
COc1cc(Nc2ncc3ccn(-c4ccccc4N)c3n2)cc(OC)c1OC,0
COc1cc(Nc2ncc3ccn(-c4ccccc4NC(C)=O)c3n2)cc(OC)c1OC,0
COc1cc(Nc2ncc3ccn(-c4cccs4)c3n2)cc(OC)c1OC,0
COc1cc(Nc2ncc3ccn(-c4ccncc4)c3n2)cc(OC)c1OC,0
COc1cc(Nc2ncc3ccn(-c4nccc(Cl)n4)c3n2)cc(OC)c1OC,0
COc1cc(Nc2ncc3ccn(Cc4cccnc4)c3n2)cc(OC)c1OC,0
COc1cc(Nc2ncc3ccn(CCc4cccnc4)c3n2)cc(OC)c1OC,0
COc1cc(Nc2ncc3ccn(CCc4ccncc4)c3n2)cc(OC)c1OC,0
COc1cc(Nc2ncnc(Nc3cccc(NS(C)(=O)=O)c3)n2)cc(OC)c1OC,0
COc1cc(Nc2ncnc(Nc3ccccc3C(=O)NC(C)C)n2)cc(OC)c1OC,0
COc1cc(Nc2ncnc(Nc3ccccc3C(=O)NC3CC3)n2)cc(OC)c1OC,0
COc1cc(Nc2ncnc(Nc3ccccc3C(=O)NC3CCCC3)n2)cc(OC)c1OC,0
COc1cc(Nc2ncnc(Nc3ccccc3C(=O)NCCN(C)C)n2)cc(OC)c1OC,0
COc1cc(Nc2ncnc(Nc3ccccc3C(=O)NCCO)n2)cc(OC)c1OC,0
COc1cc(Nc2ncnc(Nc3ccccc3NS(C)(=O)=O)n2)cc(OC)c1OC,0
COc1cc(Nc2nnc(Cl)c(Nc3cccc(NS(C)(=O)=O)c3)n2)cc(OC)c1OC,0
COc1cc(OC)nc(-c2ccc(NC(=O)Nc3cc(C(C)(C)C)nn3-c3ccc(C)cc3)cc2)n1,0
COc1cc(OC)nc(-c2ccc(NC(=O)Nc3cc(C(C)(C)C)nn3-c3ccc(C)cc3)cc2)n1,0
COc1cc2c(=O)c3c4ccc(C#N)cc4[nH]c3n(C(C)C)c2c(F)c1N1C[C@@H](C)N(C)[C@@H](C)C1,0
COc1cc2c(Nc3ccc(NC(=O)c4ccccc4)cc3)ncnc2cc1OCCCN1CCOCC1,0
COc1cc2c(Nc3ncc(CC(=O)Nc4cccc(F)c4)s3)ncnc2cc1OCCCN1CCC(CO)CC1,0
COc1cc2nc(C)oc2c(C[C@]2(C)[C@@H](C)CC[C@@]3(C)C(C)=CCC[C@@H]23)c1O,0
COc1cc2nccc(Oc3ccc(NC(=O)c4c(N(C)C)ccn(-c5ccccc5)c4=O)nc3)c2cc1OC,0
COc1cc2nccc(Oc3ccc(NC(=O)c4c(N5CCN(C)CC5)ccn(-c5ccccc5)c4=O)nc3)c2cc1OC,0
COc1cc2nccc(Oc3ccc(NC(=O)c4c(Nc5ccccc5)ccn(-c5ccccc5)c4=O)nc3)c2cc1OC,0
COc1cc2nccc(Oc3ccc(NC(=O)c4c(NC5CCOCC5)ccn(-c5ccccc5)c4=O)nc3)c2cc1OC,0
COc1cc2nccc(Oc3ccc(NC(=O)c4cc(-c5cccnc5)cn(-c5ccccc5)c4=O)nc3)c2cc1OC,0
COc1cc2nccc(Oc3ccc(NC(=O)c4cc(-c5cccs5)cn(-c5ccccc5)c4=O)nc3)c2cc1OC,0
COc1cc2nccc(Oc3ccc(NC(=O)c4cc(Cc5ccccc5)cn(-c5ccccc5)c4=O)nc3)c2cc1OC,0
COc1cc2ncccc2cc1NC(=O)c1csc2cncnc12,0
COc1ccc(/C=C\c2cc(OC)c(OC)c(OC)c2)cc1NC(=O)CCC(=O)N[C@@H](CCCNC(=N)N)C(=O)O,0
COc1ccc(/C=C\c2ncc([N+](=O)[O-])n2CCOC(=O)c2cccc3c2OCCO3)cc1,0
COc1ccc(C(=O)NC[C@@H](O)CO)cc1/C=C/c1ccc(Cl)cc1,0
COc1ccc(C(=O)NC[C@H](O)CO)cc1/C=C/c1ccc(Cl)cc1,0
COc1ccc(C(=O)NCc2cccc(C(=O)Nc3ccc4c(c3)CNCC4)c2)cc1OC,0
COc1ccc(C(F)(F)F)cc1-c1cccn2nc(Nc3ccc(C4CCN(C(=O)OC(C)(C)C)CC4)cc3)nc12,0
COc1ccc(C(F)(F)F)cc1-c1cccn2nc(Nc3ccc(C4CCNCC4)cc3)nc12,0
COc1ccc(C(F)(F)F)cc1-c1cccn2nc(Nc3ccc(N4CCN(C)CC4)cc3)nc12,0
COc1ccc(C(F)(F)F)cc1-c1cccn2nc(Nc3ccc(OCCN4CCCC4)cc3)nc12,0
COc1ccc(C(F)(F)F)cc1-c1cccn2nc(Nc3ccc(OCCN4CCOCC4)cc3)nc12,0
COc1ccc(C(F)(F)F)cc1-c1cccn2nc(Nc3ccc4c(c3)CCN(C(=O)OC(C)(C)C)C4)nc12,0
COc1ccc(C(F)(F)F)cc1-c1cccn2nc(Nc3ccc4c(c3)CCN(CC(=O)N(C)C)C4)nc12,0
COc1ccc(C(F)(F)F)cc1-c1cccn2nc(Nc3ccc4c(c3)CCN(CC(=O)N(C)C)CC4)nc12,0
COc1ccc(C(F)(F)F)cc1-c1cccn2nc(Nc3cccc(C4CCN(C(=O)OC(C)(C)C)CC4)c3)nc12,0
COc1ccc(C(F)(F)F)cc1-c1cccn2nc(Nc3cccc(N4CCN(C)CC4)c3)nc12,0
COc1ccc(C(F)(F)F)cc1Nc1cccn2nc(Nc3cccc(N4CCN(C)CC4)c3)nc12,0
COc1ccc(C2=NN(C(N)=S)C(c3cccc4ccccc34)C2)cc1,0
COc1ccc(C2=NN(c3ccccc3)C(c3cccc4ccccc34)C2)cc1,0
COc1ccc(-c2cc(NC(=O)Nc3cc(C(C)(C)C)nn3-c3ccc(C)cc3)n[nH]2)c(C)c1,0
COc1ccc(-c2cc(NC(=O)Nc3cc(C(C)(C)C)nn3-c3ccc(C)cc3)n[nH]2)nc1,0
COc1ccc(-c2ccc(NC(=O)Nc3cc(C(C)(C)C)nn3-c3ccc(C)cc3)cc2)cn1,0
COc1ccc(-c2ccc(NC(=O)Nc3cc(C(C)(C)C)nn3-c3ccc(C)cc3)cc2)cn1,0
COc1ccc(-c2ccc3cnc(Nc4ccc(C5CCN(CC(N)=O)CC5)cc4)nn23)cn1,0
COc1ccc(-c2cccn3nc(Nc4ccc(C5CCN(C(=O)OC(C)(C)C)CC5)cc4)nc23)c(F)c1,0
COc1ccc(-c2cccn3nc(Nc4ccc(C5CCN(CC(=O)N(C)C)CC5)cc4)nc23)c(F)c1,0
COc1ccc(-c2cccn3nc(Nc4ccc(C5CCNCC5)cc4)nc23)c(F)c1,0
COc1ccc(-c2cccn3nc(Nc4ccc(N5CCOCC5)cc4)nc23)cn1,0
COc1ccc(-c2csc3cnc(Nc4ccc(CP(=O)(OC)OC)cc4)nc23)cc1,0
COc1ccc(-c2nnc(Cn3nnc4ccccc43)o2)cc1,0
COc1ccc(Cc2nnc(Cn3nnc4ccccc43)o2)cc1,0
COc1ccc(CNc2cccn3nc(Nc4ccc(N5CCN(C)CC5)cc4)nc23)cc1,0
COc1ccc(CNc2cccn3nc(Nc4cccc(N5CCN(C)CC5)c4)nc23)cc1,0
COc1ccc(CNc2ccnc3oc4ccccc4c23)cc1,0
COc1ccc(CSc2nnc(Cn3nnc4ccccc43)o2)cc1,0
COc1ccc(N(Cc2cc(Br)ccc2O)C(=O)Nc2ccccc2)c(F)c1,0
COc1ccc(N2CCN(Cn3nc(-c4ccc5c(c4)OCCO5)oc3=S)CC2)cc1,0
COc1ccc(Nc2nc3c(-c4ccc(S(C)(=O)=O)cc4)cccn3n2)cc1,0
COc1ccc(Nc2nc3c(-c4cn[nH]c4)cccn3n2)cc1,0
COc1ccc(Nc2nc3c(Nc4ccc(S(C)(=O)=O)cc4)cccn3n2)cc1,0
COc1ccc(Nc2nc3c(Nc4ccccc4S(C)(=O)=O)cccn3n2)cc1,0
COc1ccc(Nc2nc3c(NC4CCN(S(C)(=O)=O)CC4)cccn3n2)cc1,0
COc1ccc(Nc2nc3c(NCc4ccccc4OC)cccn3n2)cn1,0
COc1ccc(Nc2nc3cccc(-c4ccc(CN5CCS(=O)(=O)CC5)cc4)n3n2)cc1,0
COc1ccc(Nc2nc3cccc(-c4ccc(S(C)(=O)=O)cc4)n3n2)cc1,0
COc1ccc(Nc2nccc(-c3nc4ccccc4n3C)n2)cc1,0
COc1ccc(Nc2ncnc(Nc3ccccc3NC(C)=O)n2)c(OC)c1,0
COc1ccc(Nc2ncnc(Nc3ccccc3NS(C)(=O)=O)n2)c(OC)c1,0
COc1ccc2c(Oc3ccc(NC(=O)c4cc(-c5cccnc5)cn(-c5ccccc5)c4=O)nc3)ccnc2c1,0
COc1ccc2c(Oc3ccc(NC(=O)c4cc(-c5cnccn5)cn(-c5ccccc5)c4=O)nc3)ccnc2c1,0
COc1ccc2cc(-c3n[nH]c4cccnc34)[nH]c2c1,0
COc1cccc(/C=C\c2ncc([N+](=O)[O-])n2CCOC(=O)c2cccc3c2OCCO3)c1,0
COc1cccc(-c2cccn3nc(Nc4ccc(C5CCN(C(=O)OC(C)(C)C)CC5)cc4)nc23)c1F,0
COc1cccc(-c2cccn3nc(Nc4ccc(C5CCN(C(=O)OC(C)(C)C)CC5)cc4)nc23)c1OC,0
COc1cccc(-c2cccn3nc(Nc4ccc(C5CCN(CC(=O)N(C)C)CC5)cc4)nc23)c1F,0
COc1cccc(-c2cccn3nc(Nc4ccc(C5CCN(CC(=O)N(C)C)CC5)cc4)nc23)c1OC,0
COc1cccc(-c2cccn3nc(Nc4ccc(C5CCNCC5)cc4)nc23)c1F,0
COc1cccc(-c2cccn3nc(Nc4ccc(C5CCNCC5)cc4)nc23)c1OC,0
COc1cccc(-c2nnc(Cn3nnc4ccccc43)o2)c1,0
COc1cccc(Cc2nnc(Cn3nnc4ccccc43)o2)c1,0
COc1cccc(CNc2cccn3nc(Nc4ccc(C)nc4)nc23)c1,0
COc1cccc(CNc2cccn3nc(Nc4ccc(N5CCN(C)CC5)cc4)nc23)c1,0
COc1cccc(CNc2cccn3nc(Nc4ccc(OC)nc4)nc23)c1,0
COc1cccc(CNc2cccn3nc(Nc4cccc(N5CCN(C)CC5)c4)nc23)c1,0
COc1cccc(CNc2cccn3nc(Nc4cccnc4)nc23)c1,0
COc1cccc(CNc2cccn3nc(Nc4ccnc(C)c4)nc23)c1,0
COc1cccc(CNc2cccn3nc(Nc4ccncc4)nc23)c1,0
COc1cccc(CSc2nnc(Cn3nnc4ccccc43)o2)c1,0
COc1cccc(N2CCN(Cn3nc(-c4ccc5c(c4)OCCO5)oc3=S)CC2)c1,0
COc1cccc(Nc2nc3c(-c4ccc(S(C)(=O)=O)cc4)cccn3n2)c1,0
COc1ccccc1/C=C\c1ncc([N+](=O)[O-])n1CCOC(=O)c1cccc2c1OCCO2,0
COc1ccccc1-c1cccn2nc(Nc3ccc(N4CCN(C)CC4)cc3)nc12,0
COc1ccccc1-c1cccn2nc(Nc3ccc(N4CCOCC4)cc3)nc12,0
COc1ccccc1-c1cccn2nc(Nc3ccc4c(c3)CCN(CC(=O)N(C)C)CC4)nc12,0
COc1ccccc1-c1cccn2nc(Nc3ccc4c(c3)CCN(CCS(C)(=O)=O)CC4)nc12,0
COc1ccccc1-c1cccn2nc(Nc3cccc(N4CCN(C)CC4)c3)nc12,0
COc1ccccc1-c1nnc(Cn2nnc3ccccc32)o1,0
COc1ccccc1CNc1cccn2nc(Nc3ccc(C)nc3)nc12,0
COc1ccccc1CNc1cccn2nc(Nc3cccnc3)nc12,0
COc1ccccc1CNc1cccn2nc(Nc3ccnc(C)c3)nc12,0
COc1ccccc1CNc1cccn2nc(Nc3ccncc3)nc12,0
COc1ccccc1CSc1nnc(Cn2nnc3ccccc32)o1,0
COc1ccccc1N1CCN(Cn2nc(-c3ccc4c(c3)OCCO4)oc2=S)CC1,0
COc1cccnc1-c1ccc2cnc(Nc3ccc(C4CCN(CC(N)=O)CC4)cc3)nn12,0
COc1cccnc1-c1ccc2cnc(Nc3ccc(C4CCN(CC(N)=O)CC4)cc3)nn12,0
COc1cnc(-c2cccn3nc(Nc4ccc(C5CCN(C(=O)OC(C)(C)C)CC5)cc4)nc23)cn1,0
COc1cnc(-c2cccn3nc(Nc4ccc(C5CCN(CC(=O)N(C)C)CC5)cc4)nc23)cn1,0
COc1cnc(-c2cccn3nc(Nc4ccc(C5CCNCC5)cc4)nc23)cn1,0
COc1ncc(C(F)(F)F)cc1-c1cccn2nc(Nc3ccc(C4CCN(C(=O)OC(C)(C)C)CC4)cc3)nc12,0
COc1ncc(C(F)(F)F)cc1-c1cccn2nc(Nc3ccc(C4CCN(CC(=O)N(C)C)CC4)cc3)nc12,0
COc1ncc(C(F)(F)F)cc1-c1cccn2nc(Nc3ccc(C4CCNCC4)cc3)nc12,0
COc1ncc(-c2ccccc2Oc2nc(Nc3ccc(C(=O)NC4CCN(C)CC4)cc3OC)ncc2C(F)(F)F)s1,0
COc1ncccc1-c1cccn2nc(Nc3ccc(C4CCN(C(=O)OC(C)(C)C)CC4)cc3)nc12,0
COc1ncccc1-c1cccn2nc(Nc3ccc(C4CCNCC4)cc3)nc12,0
COc1ncccc1-c1cccn2nc(Nc3ccc4ncccc4c3)nc12,0
COC1OC(=O)c2c(O)c(O)c(O)c(C)c21,0
COCc1c(C)c(O)c(O)c(O)c1C=O,0
COCc1ccccc1-c1cccc2nc(Nc3ccc4c(c3)CCN(C(=O)OC(C)(C)C)CC4)nn12,0
COCc1ccccc1-c1cccc2nc(Nc3ccc4c(c3)CCN(CC(=O)N(C)C)CC4)nn12,0
COCc1ccccc1-c1cccc2nc(Nc3ccc4c(c3)CCN(CCS(C)(=O)=O)CC4)nn12,0
COCc1ccccc1-c1cccc2nc(Nc3ccc4c(c3)CCNCC4)nn12,0
COCCNc1ccn(-c2ccccc2)c(=O)c1C(=O)Nc1ccc(Oc2ccnc3cc(OC)c(OC)cc23)cn1,0
COCCNc1ccn(-c2ccccc2)c(=O)c1C(=O)Nc1ccc(Oc2ccnc3cc(OC)ccc23)cn1,0
COCn1cc(C2=C(c3cc(OC)c(OC)c(OC)c3)C(=O)NC2)c2ccccc21,0
CONC(=O)c1ccccc1Nc1nc(Nc2cc(C)nn2C(C)C)ncc1Cl,0
COP(=O)(Cc1ccc(Nc2ncc3scc(-c4ccccc4C(C)=O)c3n2)cc1)OC,0
CP(C)(=O)c1ccc(-c2cccn3nc(N(CCS(C)(=O)=O)c4cccc(C5CCN(CCS(C)(=O)=O)CC5)c4)nc23)cc1,0
CP(C)(=O)c1ccc(-c2cccn3nc(Nc4cccc(C5CCN(CCS(C)(=O)=O)CC5)c4)nc23)cc1,0
CS(=O)(=O)c1ccc(-c2ccc3cnc(Nc4ccc(C5CCN(CC(N)=O)CC5)cc4)nn23)cc1,0
CS(=O)(=O)c1ccc(-c2ccc3nc(Nc4ccc(N5CCOCC5)cc4)nn3c2)cc1,0
CS(=O)(=O)c1ccc(-c2cccc3nc(Nc4ccc(CN5CCS(=O)(=O)CC5)cc4)nn23)cc1,0
CS(=O)(=O)c1ccc(-c2cccc3nc(Nc4cccc(CN5CCOCC5)c4)nn23)cc1,0
CS(=O)(=O)c1ccc(-c2cccc3nc(Nc4cccc(S(C)(=O)=O)c4)nn23)cc1,0
CS(=O)(=O)c1ccc(-c2cccn3nc(Nc4ccc(CN5CCOCC5)cc4)nc23)cc1,0
CS(=O)(=O)c1ccc(-c2cccn3nc(Nc4ccc(CN5CCS(=O)(=O)CC5)cc4)nc23)cc1,0
CS(=O)(=O)c1ccc(-c2cccn3nc(Nc4ccc(OS(=O)(=O)C(F)(F)C(F)(F)C(F)(F)C(F)(F)F)cc4)nc23)cc1,0
CS(=O)(=O)c1ccc(-c2cccn3nc(Nc4cccc([C@@H]5CCNC[C@@H]5O)c4)nc23)cc1,0
CS(=O)(=O)c1ccc(-c2cccn3nc(Nc4cccc(C5CCNCC5)c4)nc23)cc1,0
CS(=O)(=O)c1ccc(-c2cccn3nc(Nc4cccc(CN5CCS(=O)(=O)CC5)c4)nc23)cc1,0
CS(=O)(=O)c1ccc(-c2cccn3nc(Nc4cccc(N5CCC(N6CCOCC6)CC5)c4)nc23)cc1,0
CS(=O)(=O)c1ccc(-c2cccn3nc(Nc4cccc(N5CCN(CC(N)=O)CC5)c4)nc23)cc1,0
CS(=O)(=O)c1ccc(-c2cccn3nc(Nc4cccc(N5CCN(CCCF)CC5)c4)nc23)cc1,0
CS(=O)(=O)c1ccc(-c2cccn3nc(Nc4cccc(N5CCNCC5)c4)nc23)cc1,0
CS(=O)(=O)c1ccc(-c2cccn3nc(Nc4cccc(N5CCOCC5)c4)nc23)cc1,0
CS(=O)(=O)c1ccc(-c2cccn3nc(Nc4cnn(C5CCNCC5)c4)nc23)cc1,0
CS(=O)(=O)c1ccc(-c2cccn3nc(Nc4cnn(CCN5CCCC5)c4)nc23)cc1,0
CS(=O)(=O)c1ccc(-c2cccn3nc(NCc4ccccn4)nc23)cc1,0
CS(=O)(=O)c1ccc(-c2cccn3nc(NCc4cccnc4)nc23)cc1,0
CS(=O)(=O)c1ccc(-c2cccn3nc(NCCc4ccccn4)nc23)cc1,0
CS(=O)(=O)c1ccc(-c2cccn3nc(NCCc4cccnc4)nc23)cc1,0
CS(=O)(=O)c1ccc(Oc2cccn3nc(Nc4cnn(CCN5CCCC5)c4)nc23)cc1,0
CS(=O)(=O)c1ccc(OCC(F)F)c(-c2cccn3nc(Nc4ccc5c(c4)CCNCC5)nc23)c1,0
CS(=O)(=O)c1cccc(-c2ccc3cnc(Nc4ccc(C5CCN(CC(N)=O)CC5)cc4)nn23)c1,0
CS(=O)(=O)c1cccc(-c2cccc3nc(Nc4ccc(N5CCOCC5)cc4)nn23)c1,0
CS(=O)(=O)c1cccc(-c2cccn3nc(Nc4cccc(N5CCOCC5)c4)nc23)c1,0
CS(=O)(=O)c1cccc(-c2cnc3[nH]nc(-c4cc(F)cc(NC(=O)Nc5ccccc5)c4)c3c2)c1,0
CS(=O)(=O)c1cccc(-c2cnc3[nH]nc(-c4cc(F)cc(NC(=O)Nc5cccnc5)c4)c3c2)c1,0
CS(=O)(=O)c1cccc(-c2cnc3[nH]nc(-c4cc(F)cc(NC(=O)Nc5cncnc5)c4)c3c2)c1,0
CS(=O)(=O)c1cccc(Nc2nccc(Nc3c(Cl)ccc4c3OCO4)n2)c1,0
CS(=O)(=O)c1ccccc1Nc1cccn2nc(Nc3ccc(OCCN4CCCC4)cc3)nc12,0
CS(=O)(=O)c1ccccc1Nc1nc2c(Nc3ccccc3S(C)(=O)=O)cccn2n1,0
CS(=O)(=O)CCN1CCc2ccc(Nc3nc4c(-c5cccc6c5OC(F)(F)O6)cccn4n3)cc2CC1,0
CS(=O)(=O)N1Cc2cccc(-c3ccc4cnc(Nc5ccc(C6CCN(CC(N)=O)CC6)cc5)nn34)c2C1,0
CS(=O)(=O)Nc1cccc(-c2csc3cnc(N)nc23)c1,0
CS(=O)(=O)Nc1cccc(-c2csc3cnc(NC4CC4)nc23)c1,0
CS(=O)(=O)Nc1cccc(-c2csc3cnc(Nc4ccc(N5CCOCC5)nc4)nc23)c1,0
CS(=O)(=O)Nc1cccc(-c2csc3cnc(NCCO)nc23)c1,0
CS(=O)(=O)Nc1ccccc1Nc1nc(Nc2ccc(C#N)cc2)n2ccnc2n1,0
CS(=O)(=O)Nc1ccccc1Nc1ncnc(Nc2ccc(CN)cc2)n1,0
CSc1cccc(Nc2ncc3ccn(-c4ccccn4)c3n2)c1,0
CSc1ccccc1Nc1ncc2ccn(-c3ccccn3)c2n1,0
FC(F)(F)c1ccc(-c2cccn3nc(Nc4cnn(CCN5CCCC5)c4)nc23)cc1,0
FC(F)(F)c1ccc(Nc2ncc3ccn(-c4ccccn4)c3n2)cc1,0
FC(F)(F)c1ccccc1Nc1ncc2ccn(-c3ccccn3)c2n1,0
FC(F)(F)CNc1nc(Nc2ccc(N3CCOCC3)c(Cl)c2)nc2ccoc12,0
FC(F)(F)CNc1nc(Nc2ccc3cn[nH]c3c2)nc2ccoc12,0
FC(F)COc1ccc(C(F)F)cc1-c1cccn2nc(Nc3ccc4c(c3)CCNCC4)nc12,0
FC(F)COc1ccccc1-c1cccn2nc(Nc3ccc4c(c3)CCNCC4)nc12,0
FC1(F)Oc2cccc(-c3cccn4nc(Nc5ccc6c(c5)CCNCC6)nc34)c2O1,0
Fc1cc(F)cc(Nc2c(C(F)(F)F)cnc3[nH]c(-c4ccc(N5CCOCC5)cc4)cc23)c1,0
Fc1ccc(C(F)(F)F)cc1-c1cccn2nc(Nc3ccc4c(c3)CCNCC4)nc12,0
Fc1ccc(-c2cc3c(NCc4cc(F)ccc4F)c(C(F)(F)F)cnc3[nH]2)cc1,0
Fc1ccc(-c2cc3c(NCc4cc(F)ccc4F)c(C(F)(F)F)cnc3[nH]2)cc1,0
Fc1ccc(-c2cccn3nc(Nc4ccc(C5CCNCC5)cc4)nc23)cc1,0
Fc1ccc(CSc2nnc(-c3ccncc3)n2-c2ccccc2)c(F)c1,0
Fc1ccc(CSc2nnc(Cn3nnc4ccccc43)o2)cc1,0
Fc1ccc(CSc2nnc(Cn3nnc4ccccc43)o2)cc1F,0
Fc1cccc(-c2nnc(Cn3nnc4ccccc43)o2)c1,0
Fc1cccc(Cc2nnc(Cn3nnc4ccccc43)o2)c1,0
Fc1cccc(CSc2nnc(Cn3nnc4ccccc43)o2)c1,0
Fc1ccccc1CSc1nnc(Cn2nnc3ccccc32)o1,0
Fc1ccccc1Nc1ncc2ccn(-c3ccccn3)c2n1,0
N#Cc1ccc(-c2cccn3nc(Nc4ccc(C5CCNCC5)cc4)nc23)cc1,0
N#Cc1ccc(N2CC[C@@H](Nc3c(C(N)=O)cnc4[nH]ccc34)[C@@H](F)C2)nc1,0
N#Cc1ccc2c(c1)C(c1ccccc1F)=Nc1c[nH]nc1N2,0
N=C(N)SCCCn1c(=O)c2c(c1=O)n1c3ccccc3cc1c1cccc3ccn2c31,0
NC(=O)c1cc(-c2ccnc(N)n2)[nH]c1-c1ccccc1,0
NC(=O)CN1CCC(c2ccc(Nc3ncc4ccc(-c5cccc(CO)c5)n4n3)cc2)CC1,0
NC(=O)CN1CCC(c2ccc(Nc3ncc4ccc(-c5cccc6c5OC(F)(F)O6)n4n3)cc2)CC1,0
NC(=O)CN1CCC(c2ccc(Nc3ncc4ccc(-c5cccc6cccnc56)n4n3)cc2)CC1,0
NC(=O)CN1CCC(c2ccc(Nc3ncc4ccc(-c5cnccn5)n4n3)cc2)CC1,0
NC(=O)CN1CCC(c2ccc(Nc3ncc4ccc(-c5ncccn5)n4n3)cc2)CC1,0
NC(=O)CN1CCC(c2ccc(Nc3ncc4ccc(-c5ncccn5)n4n3)cc2)CC1,0
NC(=S)N1N=C(c2ccc(Cl)c(Cl)c2)CC1c1ccc2ccccc2c1,0
Nc1cc(N)c(N)cc1N,0
Nc1ccc2c(c1)nc(Cc1ccc3c(c1)OCO3)n1nc(N)nc21,0
Nc1ccccc1NC(=O)c1ccc(CSc2nnc(-c3ccncc3)n2-c2ccccc2)cc1,0
Nc1ccccc1NC(=O)CCCCCSc1nnc(-c2ccncc2)n1-c1ccccc1,0
NC1CCN(c2nc3c(NCc4cccnc4)cccn3n2)CC1,0
Nc1nc(Nc2ccc(N3CCOCC3)nc2)nc2c(-c3cnc4ccccc4c3)csc12,0
Nc1nc2c3c(F)cccc3nc(Cc3ccc4c(c3)OCO4)n2n1,0
Nc1nc2c3ccc(NCCO)cc3nc(Cc3ccc4c(c3)OCO4)n2n1,0
O=[N+]([O-])c1ccc(-c2nnc(Cn3nnc4ccccc43)o2)cc1,0
O=[N+]([O-])c1ccc(Cc2nnc(Cn3nnc4ccccc43)o2)cc1,0
O=[N+]([O-])c1ccc(CSc2nnc(Cn3nnc4ccccc43)o2)cc1,0
O=[N+]([O-])c1ccc(N2CCN(Cn3nc(-c4ccc5c(c4)OCCO5)oc3=S)CC2)cc1,0
O=[N+]([O-])c1cccc(CNc2cccn3nc(N4CCOCC4)nc23)c1,0
O=[N+]([O-])c1cccc(CSc2nnc(Cn3nnc4ccccc43)o2)c1,0
O=[N+]([O-])c1ccccc1CSc1nnc(Cn2nnc3ccccc32)o1,0
O=C(c1ccc(F)c(F)c1Nc1ccc(I)cc1F)N1CC(O)([C@@H]2CCCCN2)C1,0
O=C(c1cccc(-c2n[nH]c3ncc(Cc4cc(F)ccc4F)cc23)c1)N1CCC[C@@H](O)C1,0
O=C(c1cccc(-c2n[nH]c3ncc(Cc4cc(F)ccc4F)cc23)c1)N1CCC[C@H](O)C1,0
O=C(c1cccc(-c2n[nH]c3ncc(Cc4cc(F)ccc4F)cc23)c1)N1CCCC(O)C1,0
O=C(Cc1cccc(OCCCC2CCNCC2)c1)Nc1nc(-c2ccncc2)cs1,0
O=C(Cc1cccc(OCCCN2CCNCC2)c1)Nc1nc(-c2ccncc2)cs1,0
O=C(CCc1nc2ccccc2c(=O)[nH]1)Nc1ncc(Cc2ccc(F)c(F)c2)s1,0
O=C(CCCCCSc1nnc(-c2ccncc2)n1-c1ccccc1)NO,0
O=C(CSc1nnc(-c2ccncc2)n1-c1ccccc1)N/N=C/C=C/c1ccccc1,0
O=C(CSc1nnc(-c2ccncc2)n1-c1ccccc1)N/N=C/c1cc(Br)ccc1O,0
O=C(CSc1nnc(-c2ccncc2)n1-c1ccccc1)N/N=C/c1ccc(Br)cc1,0
O=C(CSc1nnc(-c2ccncc2)n1-c1ccccc1)N/N=C/c1ccc(Cl)cc1,0
O=C(CSc1nnc(-c2ccncc2)n1-c1ccccc1)N/N=C/c1ccc(F)cc1,0
O=C(CSc1nnc(-c2ccncc2)n1-c1ccccc1)Nc1ccc(C(=O)O)cc1,0
O=C(Nc1cncnc1)Nc1cc(F)cc(-c2n[nH]c3ncc(-c4ccc(CN5CCOCC5)cc4)cc23)c1,0
O=C(NCc1ccccc1)c1ccc(Nc2ncc(C(F)(F)F)c(OCCCNC(=O)C(F)(F)F)n2)cc1,0
O=C(NCc1ccccc1)c1ccc(Nc2ncc(C(F)(F)F)c(OCCN3CCCC3=O)n2)cc1,0
O=C(NCCc1ccc(O)c(Br)c1)/C(Cc1cc(Br)c(O)c(-c2cc(C/C(=N/O)C(=O)NCCc3ccc(O)c(Br)c3)cc(Br)c2O)c1)=N\O,0
O=C(NCCc1ccc(O)c(Br)c1)/C(Cc1cc(Br)c(O)c(Oc2ccc(CCNC(=O)/C(Cc3cc(Br)c(O)c(-c4cc(C/C(=N\O)C(=O)NCCc5ccc(O)c(Br)c5)cc(Br)c4O)c3)=N/O)cc2Br)c1)=N/O,0
O=C(NO)c1ccc(CSc2nnc(-c3ccncc3)n2-c2ccccc2)cc1,0
O=C(O)CCCCCSc1nnc(-c2ccncc2)n1-c1ccccc1,0
O=C(OCCn1c([N+](=O)[O-])cnc1/C=C\c1ccc(Br)cc1)c1cccc2c1OCCO2,0
O=C(OCCn1c([N+](=O)[O-])cnc1/C=C\c1ccc(Cl)cc1)c1cccc2c1OCCO2,0
O=C(OCCn1c([N+](=O)[O-])cnc1/C=C\c1ccc(F)cc1)c1cccc2c1OCCO2,0
O=C(OCCn1c([N+](=O)[O-])cnc1/C=C\c1cccc(Br)c1)c1cccc2c1OCCO2,0
O=C(OCCn1c([N+](=O)[O-])cnc1/C=C\c1cccc(Cl)c1)c1cccc2c1OCCO2,0
O=C(OCCn1c([N+](=O)[O-])cnc1/C=C\c1cccc(F)c1)c1cccc2c1OCCO2,0
O=C(OCCn1c([N+](=O)[O-])cnc1/C=C\c1cccc2ccccc12)c1cccc2c1OCCO2,0
O=C(OCCn1c([N+](=O)[O-])cnc1/C=C\c1ccccc1)c1cccc2c1OCCO2,0
O=C(OCCn1c([N+](=O)[O-])cnc1/C=C\c1ccccc1Br)c1cccc2c1OCCO2,0
O=C(OCCn1c([N+](=O)[O-])cnc1/C=C\c1ccccc1Cl)c1cccc2c1OCCO2,0
O=C(OCCn1c([N+](=O)[O-])cnc1/C=C\c1ccccc1F)c1cccc2c1OCCO2,0
O=c1[nH]c(CSc2nnc(NCC3CCCO3)s2)nc2sc(-c3ccccc3)cc12,0
O=c1[nH]cccc1-c1cccn2nc(Nc3ccc4ncccc4c3)nc12,0
O=c1c(O)c(-c2ccc(O)c(O)c2)oc2cc(O)cc(O)c12,0
O=C1c2ccccc2-c2n[nH]c3cccc1c23,0
O=C1Cc2cc(Nc3nccc(NCc4ccccn4)n3)ccc2N1,0
O=C1CCc2cccc(Oc3nc(Nc4ccc(N5CCOCC5)cc4)nc4cc[nH]c34)c21,0
O=C1CCc2cccc(Oc3nc(Nc4ccc(N5CCOCC5)cc4)nc4ccccc34)c21,0
O=C1CCc2cccc(Oc3nc(Nc4ccc(N5CCOCC5)cc4)nc4sccc34)c21,0
O=C1CCCc2cc(Nc3ncc(C(F)(F)F)c(NC4CCC4)n3)ccc2N1,0
O=C1CCCN1CCCNc1ncc2ccn(-c3ccccn3)c2n1,0
O=C1CN2C(=NN1)COc1ccccc12,0
O=C1CNCC2=C1C(c1ccccc1F)c1c[nH]nc1N2,0
O=C1N/C=C/c2ccc(c(Br)c2)Oc2cc(cc(Br)c2O)CCNC(=O)/C(=N/O)Cc2ccc(c(Br)c2)Oc2cc(cc(Br)c2O)C/C1=N\O,0
O=c1oc2c(O)c(O)cc3c(=O)oc4c(O)c(O)cc1c4c23,0
Oc1cccc(-c2nc(N3CCOCC3)c3oc4ncccc4c3n2)c1,0
Oc1cccc(Nc2ncc3ccn(-c4ccccn4)c3n2)c1,0
Oc1cccn2nc(Nc3ccc(C(F)(F)F)cc3)nc12,0
OCCCNc1ccc2c(c1)nc(-c1ccc3c(c1)OCO3)n1ncnc21,0
S=c1oc(-c2ccc3c(c2)OCCO3)nn1CN1CCN(C(c2ccccc2)c2ccccc2)CC1,0
S=c1oc(-c2ccc3c(c2)OCCO3)nn1CN1CCN(c2ccc(Cl)c(Cl)c2)CC1,0
S=c1oc(-c2ccc3c(c2)OCCO3)nn1CN1CCN(c2ccccc2Cl)CC1,0
S=c1oc(-c2ccc3c(c2)OCCO3)nn1CN1CCN(c2ccccn2)CC1,0
S=c1oc(-c2ccc3c(c2)OCCO3)nn1CN1CCN(Cc2ccccc2)CC1,0
